camis;dba;zipcode;cuisine_description
50056843;LIBERTY TAVERN;10301.0;American
40363427;BAGELS N BUNS;10314.0;Delicatessen
41020367;CUCINA FRESCA;10306.0;Pizza/Italian
40364286;PLAZA BAGELS & DELI;10306.0;Bagels/Pretzels
50044658;NOODLEFAN;10314.0;Thai
50008709;STATUE OF LIBERTY DELI;10301.0;American
41096516;PLANET WINGS;10303.0;Chicken
41129085;DUNKIN' DONUTS;10314.0;Donuts
41300940;COOKIE JAR;10310.0;American
41710730;NORTH SHORE PIZZERIA & RESTAURANT;10302.0;Pizza
41394230;EAST SUSHI;10312.0;Japanese
41635663;CINDERELLAS RESTAURANT;10301.0;Mexican
50008767;MR. PIZZA;10314.0;Pizza
40996642;RECUERDOS MEXICANOS;10302.0;Mexican
41603129;JOE'S LOBSTER HOUSE;10305.0;Seafood
50010629;PANINI GRILL;10310.0;Italian
50008709;STATUE OF LIBERTY DELI;10301.0;American
50003701;MILLER'S ALE HOUSE;10314.0;American
41538262;KINGS PIZZERIA & RESTAURANT;10314.0;Italian
40364299;B & M HOT BAGEL & GROCERY;10308.0;Delicatessen
50083922;LA CATRACHA RESTAURANT;10302.0;Other
50039716;MEXICAN TAMALES MARTITA;10302.0;Mexican
50040391;RIVER DOCK BAR & GRILL;10301.0;American
50068271;SANMA JAPANESE RESTAURANT;10314.0;Japanese
50014650;GOOD WOK RESTAURANT;10305.0;Chinese
41630891;GINO'S VILLA MONTE;10314.0;American
50011998;MICHAEL'S MEATBALLS & MARTINIS;10305.0;Italian
40366711;LI GRECI'S STAATEN RESTAURANT;10310.0;American
41374230;BOOTLEG MANNINGS;10303.0;American
40862619;MORETTI BAKERY;10310.0;Bakery
50070005;HONG KONG KEI ONE;10308.0;Chinese
50006379;BETTER GOURMET HEALTH KITCHEN;10301.0;American
50010629;PANINI GRILL;10310.0;Italian
41217591;ITALIANISSIMO RESTAURANT CAFE BAR;10305.0;Italian
50007005;Big E's Deli;10314.0;Delicatessen
50017993;CARVEL ICE CREAM;10314.0;Ice Cream, Gelato, Yogurt, Ices
40391086;A & S PIZZERIA;10301.0;Pizza/Italian
41332088;CARVEL ICE CREAM;10310.0;Ice Cream, Gelato, Yogurt, Ices
41417857;SUBWAY;10314.0;Sandwiches
50034597;AVOCADO SUSHI;10309.0;Japanese
41716909;STARBUCKS;10309.0;CafÃ©/Coffee/Tea
50051178;CHIPOTLE MEXICAN GRILL #2308;10306.0;Mexican
40979119;DUNKIN' DONUTS;10301.0;Donuts
50014605;MORELOS DELI & FRUIT;10301.0;Spanish
50003617;PI PIZZERIA;10314.0;Pizza
50038951;GIOVANNIS TRATTORIA;10312.0;Italian
41364122;CHECKERS;10303.0;Hamburgers
50069610;YUMMY MACHI;10303.0;Japanese
41373803;Z-ONE DINER & LOUNGE;10314.0;American
41557786;DUNKIN' DONUTS;10306.0;Donuts
41687110;KIKU JAPANESE CUISINE;10312.0;Japanese
50054331;FUSHIMI;10309.0;Japanese
41466245;ATLIXCO BAKERY & DELI;;Mexican
41443460;CASA NOVA;10314.0;Italian
50000171;CROWN PALACE;10302.0;Chinese
50017518;DRAGON HOUSE;10305.0;Chinese
50056193;EL DORADO RESTAURANT;10306.0;Spanish
41330566;CARLYLE GREEN  POOL STAND;10312.0;American
41705748;GENKI SUSHI HOUSE;10308.0;Japanese
41176514;FRESH TORTILLAS & TACOS;10306.0;Tex-Mex
50015534;MANGIA FRESH KITCHEN;10312.0;Italian
40513416;BURGER KING;10314.0;Hamburgers
40364299;B & M HOT BAGEL & GROCERY;10308.0;Delicatessen
41260427;658 KINGS DELI;10306.0;Delicatessen
50069759;SURF;10304.0;American
41186427;El Pollo II Restaurant;10314.0;Latin (Cuban, Dominican, Puerto Rican, South & Central American)
50056878;7 DAYS RESTAURANT;10301.0;Chinese
50016672;HAPPY FORTUNE II;10314.0;Chinese
41633272;PEKING TASTE & THAI;10314.0;Asian
50003719;NEW WIN HING INC;10305.0;Chinese
41653536;PIO HOT BAGELS;10309.0;Bagels/Pretzels
41456477;1001 NIGHTS CAFE;10314.0;American
40368291;COLONNADE DINER;10306.0;American
41348973;APPLEBEE'S;10314.0;American
41050624;DUNKIN' DONUTS;10303.0;Donuts
40399996;VILLA MONTE PIZZERIA;10312.0;Italian
41374230;BOOTLEG MANNINGS;10303.0;American
40720393;ANDREW'S DINER;10308.0;American
50034597;AVOCADO SUSHI;10309.0;Japanese
41630917;NEW CHINA BUFFET;10306.0;Chinese
41338311;DIAMOND FOREST YAN'S CHINESE KITCHEN;10301.0;Chinese
50065464;DON CESAR;10307.0;Mexican
50056843;LIBERTY TAVERN;10301.0;American
50074190;PROJECT BRUNCH;10310.0;American
50008709;STATUE OF LIBERTY DELI;10301.0;American
41679915;LA NUEVA CANASTA;10305.0;Mexican
41389275;OAXACA DELI AND TAQUERIA;10310.0;Latin (Cuban, Dominican, Puerto Rican, South & Central American)
50018782;CHIKURIN;10306.0;Japanese
41555711;LI'S HAPPY FAMILY;10306.0;Chinese
41702705;ZZ'S PIZZA & GRILL;10301.0;Pizza
41593751;RINCONCITO PAISA-COLOMBIAN BAKERY & RESTAURANT;10303.0;Latin (Cuban, Dominican, Puerto Rican, South & Central American)
50065949;MI ARMADILLO GRANDE;10302.0;Mexican
40423819;ALFONSO'S PASTRY SHOPPE;10314.0;Bakery
40686672;PERKINS RESTAURANT & BAKERY;10305.0;American
40385974;DAKOTA DINER;10314.0;American
50055462;PUGLIA OF HESTER ST;10308.0;Italian
50066181;THE NEW DINETTE;10302.0;American
50010946;FOREST BAGELS;10310.0;American
50056693;THE MUSTARD SEED;10310.0;CafÃ©/Coffee/Tea
41664275;GRAND OAKS COUNTRY CLUB/BOXWOOD CAFE;10312.0;American
50057703;PACIFIC KITCHEN;10306.0;Asian
50018078;PHIL-AM KUSINA;10305.0;Filipino
41716909;STARBUCKS;10309.0;CafÃ©/Coffee/Tea
41659167;CROWN PALACE RESTAURANT;10306.0;Chinese
41464140;AU BON PAIN;10301.0;Sandwiches/Salads/Mixed Buffet
50010629;PANINI GRILL;10310.0;Italian
50060086;QDOBA MEXICAN EATS;10309.0;Mexican
50002267;OCEAN SUSHI;10312.0;Japanese
40373118;GOLDEN DOVE DINER;10312.0;American
41021528;SUBWAY;10314.0;Sandwiches
41614438;THE WEST SHORE INN RESTAURANT;10314.0;American
50005613;JADE ASIAN BISTRO;10306.0;Chinese/Japanese
41383441;RUDDY AND DEAN;10301.0;American
50004139;FORTUNE COOKIE;10302.0;Chinese
50040391;RIVER DOCK BAR & GRILL;10301.0;American
50069662;THE COUPE;10304.0;Tapas
41096516;PLANET WINGS;10303.0;Chicken
41346158;CASA NINO;10312.0;Pizza
41174904;TONY'S PIZZERIA;10312.0;Pizza
50016436;NEW TAQUERIA PUEBLA;10310.0;Mexican
41531196;CALL IT A WRAP;10310.0;American
41360872;DUNKIN' DONUTS;10309.0;CafÃ©/Coffee/Tea
41033197;WENDY'S;10314.0;Hamburgers
50044967;THE BURRITO SHOPPE AND SALAD JUNKIE;10301.0;Mexican
50081719;PRESTO PIZZA & PASTA;10310.0;Pizza
41679915;LA NUEVA CANASTA;10305.0;Mexican
41627762;PICCOLINO;10308.0;Italian
40871234;S & T BAGELS & DELI;10301.0;Bagels/Pretzels
50034597;AVOCADO SUSHI;10309.0;Japanese
50056878;7 DAYS RESTAURANT;10301.0;Chinese
50018268;MCDONALD'S;10303.0;American
41129116;DUNKIN' DONUTS;10314.0;Donuts
41560644;GOODFELLA'S PIZZERIA;10305.0;Italian
50078018;BAYA BAR;10301.0;Juice, Smoothies, Fruit Salads
50051513;GOLDEN PALACE;10312.0;Chinese
50080570;IN FINE FETTLE;10314.0;American
50016021;RED APPLE;10305.0;Japanese
50040391;RIVER DOCK BAR & GRILL;10301.0;American
50000281;DAIRY QUEEN GRILL & CHILL;;American
50000105;DARINA CAFE;10305.0;Russian
41463483;DUNKIN' DONUTS;10309.0;Donuts
40381811;DUFFY'S;10310.0;American
41033207;WENDY'S;10309.0;Hamburgers
50071182;1847 INTERNATIONAL;10304.0;Spanish
41542473;PEKING KITCHEN CHINESE CUISINE;10314.0;Chinese
50016261;O'NEILL'S RESTAURANT & BAR;10302.0;Irish
41389364;VALIANO PIZZA;10314.0;Pizza
41705740;CUCUMBER;10308.0;Japanese
41069770;PASTICCERIA BRUNO OF GREENWICH VILLAGE;10305.0;Bakery
50016261;O'NEILL'S RESTAURANT & BAR;10302.0;Irish
40398531;TRATTORIA ROMANA;10305.0;Italian
40962170;SUBWAY;10314.0;Sandwiches
40669474;THE MANSION GRAND;10308.0;American
41257727;PAPA JOHN'S;10302.0;Pizza
50072177;SHISHITO;10304.0;Japanese
41300940;COOKIE JAR;10310.0;American
40865879;EURO PIZZA;10312.0;Pizza
50063466;DOMINICAN FOOD CORP;10303.0;Latin (Cuban, Dominican, Puerto Rican, South & Central American)
50017253;FAB CUP;10310.0;CafÃ©/Coffee/Tea
40608702;BRIOSO RISTORANTE;10306.0;Italian
41635663;CINDERELLAS RESTAURANT;10301.0;Mexican
50014605;MORELOS DELI & FRUIT;10301.0;Spanish
50018782;CHIKURIN;10306.0;Japanese
40728353;UNIQUE LOUNGE;10312.0;American
41317968;MAYNILA ORIENTAL FOOD MARKET;10314.0;Filipino
40786924;BOSTON MARKET;10306.0;American
50015012;NY FAMILY PIZZA;10305.0;Pizza/Italian
41530819;FRANK & DANNY'S PIZZERIA;10312.0;Italian
50042302;MR. RICE CHINESE RESTAURANT;10302.0;Chinese
40912964;NUCCI'S SOUTH;10309.0;Italian
50037627;B & Y CATERING (Jewish Community Center);10314.0;Jewish/Kosher
41436344;KIM'S ISLAND CHINESE RESTAURANT;10307.0;Chinese
41346158;CASA NINO;10312.0;Pizza
50045479;FORTUNE HAWAII;10305.0;Chinese
41400697;NICOTRA BALLROOM + EMPLOYEE CAFETERIA + TEA-ROOM;10314.0;American
41257914;SILVER LAKE GOLF COURSE;10301.0;American
41257749;POPEYES LOUISIANA KITCHEN;10302.0;Chicken
40373118;GOLDEN DOVE DINER;10312.0;American
41572685;BROOKLYNS FINEST PIZZA & RESTAURANT;10305.0;Pizza/Italian
50037627;B & Y CATERING (Jewish Community Center);10314.0;Jewish/Kosher
50018782;CHIKURIN;10306.0;Japanese
50080978;MARIANNA'S PIZZA;10314.0;Italian
50048317;THE BURRITO SPOT;10314.0;Mexican
50052185;REGGIANO'S BRICK OVEN PIZZA;10309.0;Pizza/Italian
40381811;DUFFY'S;10310.0;American
41615144;CHINA TASTE;10305.0;Chinese
41485154;OUTBACK STEAKHOUSE;10314.0;Steak
50010414;RED MANGO;10314.0;Ice Cream, Gelato, Yogurt, Ices
50010629;PANINI GRILL;10310.0;Italian
40423819;ALFONSO'S PASTRY SHOPPE;10314.0;Bakery
50047645;BOCELLI'S;10305.0;Italian
50042039;PEKING TASTE;10307.0;Chinese
50062991;110 KENNEDY FRIED CHICKEN;10301.0;Chicken
41541403;SAPPORO SUSHI RESTAURANT;10314.0;Japanese
40609678;BURGER KING;10306.0;Hamburgers
41672792;DUNKIN' DONUTS;10306.0;American
41681666;ISLAND SOFT PRETZEL STOP;10301.0;Hotdogs/Pretzels
50070637;SO TASTY NIGERIA AFRICAN RESTAURANT;10302.0;Other
40915451;DA NOI RESTAURANT;10314.0;Italian
41397316;LEE'S TAVERN;10305.0;American
41271464;CAROUSEL FOR ALL CHILDREN;10314.0;Hotdogs/Pretzels
50042039;PEKING TASTE;10307.0;Chinese
41257059;PANADERIA LA MIXTECA POBLANA & DELI;10301.0;Salads
40871234;S & T BAGELS & DELI;10301.0;Bagels/Pretzels
40510804;WOODROW DINER;10309.0;American
40686672;PERKINS RESTAURANT & BAKERY;10305.0;American
41028460;SUBWAY;10305.0;Sandwiches
50064474;DADDYO'S ON BAY;10301.0;Barbecue
50065987;WETZEL'S PRETZELS;10314.0;Bagels/Pretzels
40381811;DUFFY'S;10310.0;American
40993786;DUNKIN' DONUTS;10308.0;Donuts
41330566;CARLYLE GREEN  POOL STAND;10312.0;American
41662314;JUSTINOS PIZZERIA;10306.0;Pizza
50057072;MD BAGELS;10301.0;Delicatessen
50060604;3 BROTHERS PIZZA;10304.0;Pizza
40996642;RECUERDOS MEXICANOS;10302.0;Mexican
41210339;CHELSEA PLAYGROUND;10314.0;American
50003027;MOE'S SOUTHWEST GRIIL;10312.0;Southwestern
41615144;CHINA TASTE;10305.0;Chinese
50000474;CUE TIME BILLIARDS;10306.0;American
50042450;EGGER'S ICE CREAM PARLOR;10310.0;Ice Cream, Gelato, Yogurt, Ices
50000823;TORINO PIZZA;10304.0;Pizza/Italian
41102190;AMICI BAKERY;10312.0;Bakery
50071207;VIOLETTE'S CELLAR;10306.0;American
40364286;PLAZA BAGELS & DELI;10306.0;Bagels/Pretzels
50018238;DEFONTE'S OF BROOKLYN;10304.0;Sandwiches
41240596;PANERA BREAD;10314.0;Sandwiches
41659167;CROWN PALACE RESTAURANT;10306.0;Chinese
50041569;CEYLON CURRY;10301.0;Indian
41593751;RINCONCITO PAISA-COLOMBIAN BAKERY & RESTAURANT;10303.0;Latin (Cuban, Dominican, Puerto Rican, South & Central American)
50077848;GLORIA JEANS COFFEE;10314.0;CafÃ©/Coffee/Tea
41589349;PRONTO PIZZA;10306.0;Pizza/Italian
50045828;SI FISH & MORE;10301.0;American
50072710;SHORTY'S ROTI SHOP;10301.0;Caribbean
41570668;SOMETHING SWEET;10306.0;Ice Cream, Gelato, Yogurt, Ices
50011998;MICHAEL'S MEATBALLS & MARTINIS;10305.0;Italian
40387243;JIMMY MAX RESTAURANT;10314.0;American
40720393;ANDREW'S DINER;10308.0;American
41383441;RUDDY AND DEAN;10301.0;American
40974392;BAYOU;10305.0;Cajun
50039716;MEXICAN TAMALES MARTITA;10302.0;Mexican
50063189;DENNY'S;10312.0;American
50059651;INDIAN XPRESS 2;10305.0;Indian
41209994;ALL STAR PIZZA;10308.0;Pizza
41099225;GOLDEN PASTRY SHOP;10301.0;Bakery
41397825;CAFE CON PAN BAKERY II;10302.0;Bakery
40366132;DENINO'S PIZZERIA TAVERN;10302.0;Pizza/Italian
41509593;MONA LISA PIZZERIA & RISTORANTE;10312.0;Pizza/Italian
50039333;AUNTIE ANNE'S PRETZELS;10314.0;Bagels/Pretzels
50048317;THE BURRITO SPOT;10314.0;Mexican
41297788;PAGE PLAZA DINER;10309.0;American
50068045;CURRY LEAF;10301.0;Asian
50018238;DEFONTE'S OF BROOKLYN;10304.0;Sandwiches
50000816;GOOD TASTE RESTAURANT;10308.0;Chinese
41597047;Z-TWO DINER & LOUNGE;10309.0;American
41102190;AMICI BAKERY;10312.0;Bakery
40609677;BURGER KING;10302.0;Hamburgers
41524226;MIKEY BAGELS;10307.0;American
50070005;HONG KONG KEI ONE;10308.0;Chinese
41020367;CUCINA FRESCA;10306.0;Pizza/Italian
41260427;658 KINGS DELI;10306.0;Delicatessen
41209994;ALL STAR PIZZA;10308.0;Pizza
50079152;GOLDEN DRAGON;10304.0;Chinese
41394975;LA FONTANA;10306.0;Italian
50004408;DI DI;10302.0;Chinese
40962159;CAFE MILANO;10301.0;Italian
41560435;BASILIO'S INN RESTAURANT;10305.0;Italian
50062609;BLAZE PIZZA;10306.0;Pizza
50044127;CHEEBURGER CHEEBURGER;10309.0;Hamburgers
50019174;WING WORLD;10314.0;American
50033540;EMPIRE EAST PAN ASIAN BISTRO;10314.0;Asian
41297788;PAGE PLAZA DINER;10309.0;American
41589349;PRONTO PIZZA;10306.0;Pizza/Italian
50008170;SOUTH SHORE HOT BAGELS;10309.0;Delicatessen
41257059;PANADERIA LA MIXTECA POBLANA & DELI;10301.0;Salads
41604293;KRISPY PIZZA;10314.0;Pizza/Italian
41630891;GINO'S VILLA MONTE;10314.0;American
41271464;CAROUSEL FOR ALL CHILDREN;10314.0;Hotdogs/Pretzels
50019096;LUK & BART HOMEMADE FOOD;10303.0;Polish
41464310;VILLA PARADISIO;10308.0;Italian
50057703;PACIFIC KITCHEN;10306.0;Asian
41333361;CUCINA MIA;10314.0;Italian
50060604;3 BROTHERS PIZZA;10304.0;Pizza
41308249;ORIENTAL PLAZA;10314.0;Chinese
40390850;CAFE LUNA;10305.0;Italian
41695054;CASA VERDE;10306.0;Pizza/Italian
50071901;FRANK'S BAY PIZZA;10304.0;Pizza
41535549;PRONTO PIZZA;10310.0;Italian
50043023;BURGER SHOP;10314.0;American
50000020;SAPORITO PIZZA & RESTAURANT;10312.0;Pizza/Italian
41172425;EL POLLO RESTAURANT AND BAR;;Latin (Cuban, Dominican, Puerto Rican, South & Central American)
40946403;STARBUCKS;10310.0;CafÃ©/Coffee/Tea
50003027;MOE'S SOUTHWEST GRIIL;10312.0;Southwestern
41572685;BROOKLYNS FINEST PIZZA & RESTAURANT;10305.0;Pizza/Italian
50016261;O'NEILL'S RESTAURANT & BAR;10302.0;Irish
50010946;FOREST BAGELS;10310.0;American
50046870;PROJECT BRUNCH;10309.0;American
50078153;FRESH TWIST;10306.0;Soups & Sandwiches
50065881;ROLLING COW;10314.0;Ice Cream, Gelato, Yogurt, Ices
41086217;MIKES OLYMPIC GRILL;10302.0;American
40996642;RECUERDOS MEXICANOS;10302.0;Mexican
40383945;PIZZA D'ORO;10314.0;Pizza
50044877;THE HARD HAT CAFE;10301.0;Soul Food
41603129;JOE'S LOBSTER HOUSE;10305.0;Seafood
50074002;GOLD GRILL PIZZERIA;10310.0;Pizza
50048464;SAN MIGUEL RESTAURANT;10310.0;Mexican
41195964;SUBWAY;10305.0;Sandwiches
40608702;BRIOSO RISTORANTE;10306.0;Italian
50016436;NEW TAQUERIA PUEBLA;10310.0;Mexican
41563707;PIZZERIA GIOVE;10306.0;Italian
41687110;KIKU JAPANESE CUISINE;10312.0;Japanese
50012974;ROMEO'S PIZZERIA;10312.0;Pizza/Italian
50070005;HONG KONG KEI ONE;10308.0;Chinese
41003717;KINGDOM PIZZA;10312.0;Italian
40601738;LA CANDELA ESPANOLA;10308.0;Spanish
50010679;LUCKY FORTUNE;10308.0;Chinese
41463477;DUNKIN' DONUTS;10310.0;Donuts
50049262;CHANG NOI THAI;10301.0;Thai
41374230;BOOTLEG MANNINGS;10303.0;American
50008767;MR. PIZZA;10314.0;Pizza
50011825;GOURMET CHEF CHINESE RESTAURANT;10306.0;Chinese
40398531;TRATTORIA ROMANA;10305.0;Italian
40901214;CHILI'S GRILL & BAR;10314.0;American
41667444;QDOBA MEXICAN GRILL;10314.0;Tex-Mex
50042302;MR. RICE CHINESE RESTAURANT;10302.0;Chinese
41373803;Z-ONE DINER & LOUNGE;10314.0;American
41378691;WHITE CASTLE;10303.0;Hamburgers
41096516;PLANET WINGS;10303.0;Chicken
40368291;COLONNADE DINER;10306.0;American
50005105;KFC, TACO BELL, SOUTH PHILLY STEAKS & FRIES;10314.0;American
50004726;Fire Grilled Burgers;10305.0;American
40364299;B & M HOT BAGEL & GROCERY;10308.0;Delicatessen
50057087;EL PASTORCITO CAFE RESTAURANTE;10301.0;Spanish
50078224;CHEZ ADJA;10301.0;African
50005556;SUMAC;10310.0;Mediterranean
41338311;DIAMOND FOREST YAN'S CHINESE KITCHEN;10301.0;Chinese
50040819;SUBWAY & CARVEL;10301.0;Sandwiches
40400556;LEGEND'S PUB;10314.0;American
40512074;ALFONSO'S PASTRY SHOPPE;10312.0;Bakery
50070644;HOW GREEK IT IS TOO!;10314.0;Greek
50003701;MILLER'S ALE HOUSE;10314.0;American
50017189;THE SQUARE ON ANNADALE;10312.0;Pizza
50065696;RUTA DEL SABOR;10310.0;Mexican
50065990;MICHELANGELO'S PIZZA;10310.0;Pizza
40387243;JIMMY MAX RESTAURANT;10314.0;American
41133094;NORI SUSHI RESTAURANT;10306.0;Japanese
41321209;GIULIANA RISTORANTE;10308.0;Italian
50000204;DANI'S;10307.0;Italian
50059256;THE PIZZA PARLOR;10312.0;Pizza/Italian
50059152;MISAKI SUSHI;10309.0;Japanese
50078947;GREEN TEA;10301.0;Chinese
41200687;PLANET WINGS;10306.0;Chicken
50047645;BOCELLI'S;10305.0;Italian
50033125;CARVEL ICE CREAM;10314.0;Ice Cream, Gelato, Yogurt, Ices
50044906;GREAT CHINA RESTAURANT;10303.0;Chinese
40386058;ARIRANG HIBACHI STEAK HOUSE;10308.0;Japanese
40609705;BARIOS PIZZA & RESTAURANT;10314.0;Pizza/Italian
41630917;NEW CHINA BUFFET;10306.0;Chinese
41311453;BESO;10301.0;Spanish
50067857;KIKI'S GRAB & GO;10307.0;Pizza/Italian
41579281;MANOR SUSHI;10314.0;Japanese
41053864;LACEY'S BRIDGE TAVERN;10302.0;American
41625562;NEW CHEF HONG KITCHEN;10301.0;Chinese
50076301;FIORE 227;10308.0;Italian
40542345;TOWNE DELI & PIZZA;10307.0;Pizza
50016861;MIZU HIBACHI JAPANESE FUSION;10307.0;Japanese
40937528;GARIBALDI DELI RESTAURANT;10304.0;Mexican
50063599;CUAUTLA MORELOS RESTAURANT;10302.0;Mexican
50005105;KFC, TACO BELL, SOUTH PHILLY STEAKS & FRIES;10314.0;American
41394230;EAST SUSHI;10312.0;Japanese
41438759;DOMINICK'S BAKERY & CAFE;10306.0;American
41546871;GOODFELLA'S;10314.0;Italian
50072815;LA FONTANA SORELLENA;10312.0;Italian
41603129;JOE'S LOBSTER HOUSE;10305.0;Seafood
50045828;SI FISH & MORE;10301.0;American
41649766;A & S CATERERS;10314.0;American
40720280;THE HISTORIC OLD BERMUDA INN;10309.0;American
41155817;MCDONALD'S;10304.0;Hamburgers
41330566;CARLYLE GREEN  POOL STAND;10312.0;American
41346158;CASA NINO;10312.0;Pizza
40400898;VILLAGE MARIA PIZZA II;10314.0;Pizza
41511573;BETTER GOURMET HEALTH KITCHEN;10306.0;American
40391857;LA STRADA RESTAURANT;10306.0;Italian
50048902;FUEL FEVER II;10305.0;American
41303560;BLU ON THE BAY;10304.0;Spanish
50000281;DAIRY QUEEN GRILL & CHILL;;American
50048902;FUEL FEVER II;10305.0;American
41365330;NEW EVERYBODY'S KITCHEN;10306.0;Chinese
41443150;VILLA MONTE II PIZZERIA AND RESTAURANT;10306.0;Pizza/Italian
40395554;COUNTRY DONUTS;10312.0;Donuts
50044562;ROOKIE'S SPORTS BAR & GRILL;10312.0;American
41572685;BROOKLYNS FINEST PIZZA & RESTAURANT;10305.0;Pizza/Italian
50005556;SUMAC;10310.0;Mediterranean
41608874;DUNKIN' DONUTS;10314.0;American
41633272;PEKING TASTE & THAI;10314.0;Asian
40716299;CHUCK E. CHEESE'S;10314.0;Pizza
50012298;KUZINA;10305.0;Greek
41505331;HOT SHOTZ SPORTS BAR I;10309.0;American
41472400;MAIZAL RESTAURANT;10305.0;Mexican
50057072;MD BAGELS;10301.0;Delicatessen
40387243;JIMMY MAX RESTAURANT;10314.0;American
41604293;KRISPY PIZZA;10314.0;Pizza/Italian
50074427;DFIFTIES;10302.0;Pizza
41679915;LA NUEVA CANASTA;10305.0;Mexican
50015636;OVERSPRAY;10304.0;American
50044469;PARKER'S SPORTS BAR;10306.0;American
50044906;GREAT CHINA RESTAURANT;10303.0;Chinese
50045479;FORTUNE HAWAII;10305.0;Chinese
50004408;DI DI;10302.0;Chinese
50034622;EMPEROR'S HOUSE;10310.0;Chinese
50065696;RUTA DEL SABOR;10310.0;Mexican
50069662;THE COUPE;10304.0;Tapas
50044877;THE HARD HAT CAFE;10301.0;Soul Food
41593751;RINCONCITO PAISA-COLOMBIAN BAKERY & RESTAURANT;10303.0;Latin (Cuban, Dominican, Puerto Rican, South & Central American)
41208221;DUNKIN' DONUTS;10306.0;Donuts
50051451;TROPICAL SMOOTHIE CAFE;10314.0;American
50003719;NEW WIN HING INC;10305.0;Chinese
50014518;HARBOR EATS;10310.0;American
40370910;PERKINS RESTAURANT & BAKERY;10303.0;American
41672792;DUNKIN' DONUTS;10306.0;American
40424709;THE CAKE CHEF;10314.0;Bakery
41389364;VALIANO PIZZA;10314.0;Pizza
41448021;PIER 76;10301.0;Italian
41431917;FOREST THAI CUISINE;10310.0;Thai
41646655;BLUE;10310.0;Mediterranean
40669474;THE MANSION GRAND;10308.0;American
40536591;PORTOBELLO CAFE;;Italian
50065881;ROLLING COW;10314.0;Ice Cream, Gelato, Yogurt, Ices
41389275;OAXACA DELI AND TAQUERIA;10310.0;Latin (Cuban, Dominican, Puerto Rican, South & Central American)
40387746;ROSEBANK TAVERN;10305.0;American
41050624;DUNKIN' DONUTS;10303.0;Donuts
50016082;PRONTO PIZZA PASTA;10305.0;Pizza/Italian
40370910;PERKINS RESTAURANT & BAKERY;10303.0;American
41297788;PAGE PLAZA DINER;10309.0;American
50076301;FIORE 227;10308.0;Italian
40368291;COLONNADE DINER;10306.0;American
41571795;KUM FUNG KITCHEN;10304.0;Chinese
41311453;BESO;10301.0;Spanish
40366928;RICHMOND COUNTY COUNTRY CLUB;10304.0;American
50056159;EAST NEW SING BO;10314.0;Chinese
41203218;DA NOI II;;Italian
41649766;A & S CATERERS;10314.0;American
41511573;BETTER GOURMET HEALTH KITCHEN;10306.0;American
50065987;WETZEL'S PRETZELS;10314.0;Bagels/Pretzels
50068339;NEW FOO SING;10308.0;Chinese
41436344;KIM'S ISLAND CHINESE RESTAURANT;10307.0;Chinese
41195964;SUBWAY;10305.0;Sandwiches
41200687;PLANET WINGS;10306.0;Chicken
50004099;JAC MAO CHINESE CUISINE;10305.0;Chinese
41209994;ALL STAR PIZZA;10308.0;Pizza
50057031;DOUGH BY LICASTRI;10304.0;Pizza
50058790;RANDIWA;10314.0;Indian
41463477;DUNKIN' DONUTS;10310.0;Donuts
41672792;DUNKIN' DONUTS;10306.0;American
40392313;CAFE BELLA VITA;10305.0;Italian
41197747;BEST COFFEE SHOP;10304.0;American
50047645;BOCELLI'S;10305.0;Italian
50000281;DAIRY QUEEN GRILL & CHILL;;American
50079815;ROUND PIE PIZZA COMPANY;10314.0;Pizza/Italian
40383609;REAL MADRID RESTAURANT;10303.0;Spanish
40911185;PAESANO'S PIZZA;10314.0;Pizza
50007005;Big E's Deli;10314.0;Delicatessen
41652570;RALPH'S ICES;10308.0;Ice Cream, Gelato, Yogurt, Ices
50059098;VIA NAPOLI;10306.0;Pizza/Italian
50065696;RUTA DEL SABOR;10310.0;Mexican
40536591;PORTOBELLO CAFE;;Italian
50035412;JOYCE'S TAVERN;10312.0;Irish
50059408;BURGER KING;10314.0;Hamburgers
41651300;PACO'S;10305.0;Mexican
50083787;D & B Restaurant II;10301.0;Chinese
40547434;THE BURRITO BAR RESTAURANT;10310.0;Mexican
50056580;QUICK GRILL JAPAN;10314.0;Japanese
50073624;JOE JOE PIZZERIA;10310.0;Pizza
50065696;RUTA DEL SABOR;10310.0;Mexican
41692461;SUBWAY;10305.0;Sandwiches
41005946;MIKE'S OAKWOOD DINER;10306.0;American
50047645;BOCELLI'S;10305.0;Italian
50003701;MILLER'S ALE HOUSE;10314.0;American
50000030;VILLAGE MARIA;10308.0;Pizza
40602872;STARBUCKS;10314.0;CafÃ©/Coffee/Tea
50049262;CHANG NOI THAI;10301.0;Thai
40399996;VILLA MONTE PIZZERIA;10312.0;Italian
50084763;Flaming Grill & Supreme Buffet;10302.0;Chinese
41438759;DOMINICK'S BAKERY & CAFE;10306.0;American
50072532;CRIMMINS ALE HOUSE;10310.0;American
41102190;AMICI BAKERY;10312.0;Bakery
40542345;TOWNE DELI & PIZZA;10307.0;Pizza
50065346;CASA FRANCO;10310.0;Spanish
40369158;JODY'S CLUB;10301.0;American
41123415;NURNBERGER BIERHAUS;10310.0;German
50070120;ZARA CAFE GRILL;10306.0;Turkish
41260427;658 KINGS DELI;10306.0;Delicatessen
40383609;REAL MADRID RESTAURANT;10303.0;Spanish
40369158;JODY'S CLUB;10301.0;American
50066781;VIA MARGHERITA RESTAURANT;10305.0;Italian
41433069;ISLANDER TASTE I;10309.0;Chinese
50049213;BIG BOYS PIZZERIA;10306.0;Pizza/Italian
40883049;DUNKIN' DONUTS;10305.0;Donuts
50039716;MEXICAN TAMALES MARTITA;10302.0;Mexican
50072677;TASTE OF CHINA;10306.0;Chinese
41112530;ATRIUM CINEMAS;10308.0;American
40392313;CAFE BELLA VITA;10305.0;Italian
41053864;LACEY'S BRIDGE TAVERN;10302.0;American
41049051;RUTH M LIEDYS SHORE INN;10301.0;American
50015012;NY FAMILY PIZZA;10305.0;Pizza/Italian
41112530;ATRIUM CINEMAS;10308.0;American
50080247;W'S BAR AND RESTAURANT;10307.0;American
40390655;DANNY BLAINE;10305.0;American
41413320;NUNZIO PIZZERIA'S;10306.0;Pizza/Italian
40383737;CANLON'S RESTAURANT;10306.0;Italian
41310363;ST. JOHN'S UNIVERSITY STUDENT CENTER;10301.0;American
50003617;PI PIZZERIA;10314.0;Pizza
41635663;CINDERELLAS RESTAURANT;10301.0;Mexican
50044877;THE HARD HAT CAFE;10301.0;Soul Food
50052334;FLAMING GRILL & SUPREME BUFFET;10302.0;Asian
41167580;POCO LOCO BAR;10301.0;Latin (Cuban, Dominican, Puerto Rican, South & Central American)
50018782;CHIKURIN;10306.0;Japanese
41203218;DA NOI II;;Italian
41560032;NO. 1 KITCHEN;10305.0;Chinese
41259025;BOARDWALK GRILL;10305.0;American
41200687;PLANET WINGS;10306.0;Chicken
50058548;PINO'S PIZZERIA;10309.0;Pizza
41692974;SOGOGOOGO SUSHI;;Japanese
50044967;THE BURRITO SHOPPE AND SALAD JUNKIE;10301.0;Mexican
40402222;RAB'S COUNTRY LANE;10305.0;American
50041775;SONIC DRIVE-IN;10307.0;American
50069610;YUMMY MACHI;10303.0;Japanese
50048464;SAN MIGUEL RESTAURANT;10310.0;Mexican
40368291;COLONNADE DINER;10306.0;American
40510804;WOODROW DINER;10309.0;American
41129085;DUNKIN' DONUTS;10314.0;Donuts
41572685;BROOKLYNS FINEST PIZZA & RESTAURANT;10305.0;Pizza/Italian
50014920;FUSHIMI JAPANESE CUISINE;10306.0;Japanese
50063599;CUAUTLA MORELOS RESTAURANT;10302.0;Mexican
40423819;ALFONSO'S PASTRY SHOPPE;10314.0;Bakery
41530631;LA DOLCE PASTRY SHOPPE;10309.0;Bakery
50011483;ANNADALE TERRACE;10312.0;American
50067199;WING EXPRESS;10304.0;Chinese
41417857;SUBWAY;10314.0;Sandwiches
40912964;NUCCI'S SOUTH;10309.0;Italian
40937528;GARIBALDI DELI RESTAURANT;10304.0;Mexican
41505432;BAGEL BISTRO & DINER;10314.0;American
40551900;KILLMEYER'S OLD BAVARIA INN.;10309.0;German
41400697;NICOTRA BALLROOM + EMPLOYEE CAFETERIA + TEA-ROOM;10314.0;American
50079604;YAMATO JAPANESE STEAKHOUSE;10310.0;Japanese
50044877;THE HARD HAT CAFE;10301.0;Soul Food
41538262;KINGS PIZZERIA & RESTAURANT;10314.0;Italian
40901214;CHILI'S GRILL & BAR;10314.0;American
50010946;FOREST BAGELS;10310.0;American
50080110;DANNY BLAINE'S;10305.0;American
50004408;DI DI;10302.0;Chinese
50075590;AMADEUS RESTAURANT;10306.0;Eastern European
50051178;CHIPOTLE MEXICAN GRILL #2308;10306.0;Mexican
50084763;Flaming Grill & Supreme Buffet;10302.0;Chinese
41257059;PANADERIA LA MIXTECA POBLANA & DELI;10301.0;Salads
50070644;HOW GREEK IT IS TOO!;10314.0;Greek
41635663;CINDERELLAS RESTAURANT;10301.0;Mexican
40386067;COUNTRY DONUTS;10312.0;Donuts
41153944;MEZCALEROS  MEXICAN RESTAURANT;10314.0;Mexican
50015315;MY PIZZERIA;10304.0;Pizza/Italian
50072710;SHORTY'S ROTI SHOP;10301.0;Caribbean
40862619;MORETTI BAKERY;10310.0;Bakery
50058554;SIPS AND MAKER;10306.0;CafÃ©/Coffee/Tea
41681666;ISLAND SOFT PRETZEL STOP;10301.0;Hotdogs/Pretzels
50018283;M & K SPANISH RESTAURANT BAR;10306.0;Spanish
41704670;AMICI PIZZERIA;10309.0;Italian
50067284;DON CHUCHO;10310.0;Mexican
41673003;SUITE KITCHEN;10301.0;American
41389275;OAXACA DELI AND TAQUERIA;10310.0;Latin (Cuban, Dominican, Puerto Rican, South & Central American)
50070005;HONG KONG KEI ONE;10308.0;Chinese
41714253;BUFFALO WILD WINGS;10314.0;American
41330566;CARLYLE GREEN  POOL STAND;10312.0;American
41546871;GOODFELLA'S;10314.0;Italian
50007005;Big E's Deli;10314.0;Delicatessen
40547434;THE BURRITO BAR RESTAURANT;10310.0;Mexican
41394230;EAST SUSHI;10312.0;Japanese
50039716;MEXICAN TAMALES MARTITA;10302.0;Mexican
50068499;RED GINGER;10314.0;Other
40387746;ROSEBANK TAVERN;10305.0;American
41524226;MIKEY BAGELS;10307.0;American
50079604;YAMATO JAPANESE STEAKHOUSE;10310.0;Japanese
50044562;ROOKIE'S SPORTS BAR & GRILL;10312.0;American
50080110;DANNY BLAINE'S;10305.0;American
50053668;KORZO KLUB;10305.0;Eastern European
50074024;KUKIZ;10302.0;Spanish
50063599;CUAUTLA MORELOS RESTAURANT;10302.0;Mexican
40620427;APPLEBEE'S;10314.0;American
40383609;REAL MADRID RESTAURANT;10303.0;Spanish
41560032;NO. 1 KITCHEN;10305.0;Chinese
50060674;MIMMOS BRICK OVEN PIZZA;10308.0;Pizza/Italian
41448021;PIER 76;10301.0;Italian
50068339;NEW FOO SING;10308.0;Chinese
50044469;PARKER'S SPORTS BAR;10306.0;American
50044562;ROOKIE'S SPORTS BAR & GRILL;10312.0;American
41257727;PAPA JOHN'S;10302.0;Pizza
41400734;JOHN'S FAMOUS DELI;10302.0;Delicatessen
41209994;ALL STAR PIZZA;10308.0;Pizza
41463477;DUNKIN' DONUTS;10310.0;Donuts
50045188;JUST HALAL;10314.0;Middle Eastern
40993786;DUNKIN' DONUTS;10308.0;Donuts
40854101;LORENZOS BAR & GRILL (HILTON GARDEN);10314.0;American
50008170;SOUTH SHORE HOT BAGELS;10309.0;Delicatessen
41519582;CHINA KING;10314.0;Chinese
50065353;J & R's DOSA GARDEN;10301.0;Indian
50047337;PAULIE'S PIZZERIA;10304.0;Pizza/Italian
41321209;GIULIANA RISTORANTE;10308.0;Italian
50000865;FLANAGAN'S TAVERN;10308.0;American
41403948;PRIMO PIZZERIA & RESTAURANT;10304.0;Pizza/Italian
40387243;JIMMY MAX RESTAURANT;10314.0;American
50060674;MIMMOS BRICK OVEN PIZZA;10308.0;Pizza/Italian
41210703;LOS POTRILLOS RESTAURANT;10302.0;Mexican
40366711;LI GRECI'S STAATEN RESTAURANT;10310.0;American
41383441;RUDDY AND DEAN;10301.0;American
41597047;Z-TWO DINER & LOUNGE;10309.0;American
50055462;PUGLIA OF HESTER ST;10308.0;Italian
50051451;TROPICAL SMOOTHIE CAFE;10314.0;American
50074518;SUBWAY;10312.0;Sandwiches
50044877;THE HARD HAT CAFE;10301.0;Soul Food
50055462;PUGLIA OF HESTER ST;10308.0;Italian
40962159;CAFE MILANO;10301.0;Italian
40996642;RECUERDOS MEXICANOS;10302.0;Mexican
50059152;MISAKI SUSHI;10309.0;Japanese
50016436;NEW TAQUERIA PUEBLA;10310.0;Mexican
41259825;MARIE'S GOURMET;10301.0;American
41208221;DUNKIN' DONUTS;10306.0;Donuts
41333361;CUCINA MIA;10314.0;Italian
41102190;AMICI BAKERY;10312.0;Bakery
40387746;ROSEBANK TAVERN;10305.0;American
41176008;CHINA CHALET;10312.0;Chinese
41028460;SUBWAY;10305.0;Sandwiches
50013726;BROTHER PIZZA;10302.0;Pizza/Italian
50072177;SHISHITO;10304.0;Japanese
41373803;Z-ONE DINER & LOUNGE;10314.0;American
40720280;THE HISTORIC OLD BERMUDA INN;10309.0;American
41673033;LEFT FIELD CONCESSION STAND;10301.0;American
50048850;THE HOP SHOPPE;10304.0;American
50075214;PICCOLO PINOS PIZZERIA;10302.0;Pizza
41126158;RICHMONDTOWN BAGEL DEPOT;10306.0;Bagels/Pretzels
41471136;NAKATA SUSHI;10306.0;Japanese
41714253;BUFFALO WILD WINGS;10314.0;American
50000281;DAIRY QUEEN GRILL & CHILL;;American
41505432;BAGEL BISTRO & DINER;10314.0;American
50000703;PATRIZIA'S OF BROOKLYN;10306.0;Italian
50039716;MEXICAN TAMALES MARTITA;10302.0;Mexican
50000281;DAIRY QUEEN GRILL & CHILL;;American
50033140;RED ROBIN GOURMET BURGERS AND BREW;10314.0;American
41615012;VERONICA'S BAKERY;10302.0;Mexican
40512074;ALFONSO'S PASTRY SHOPPE;10312.0;Bakery
50039716;MEXICAN TAMALES MARTITA;10302.0;Mexican
41589349;PRONTO PIZZA;10306.0;Pizza/Italian
50065881;ROLLING COW;10314.0;Ice Cream, Gelato, Yogurt, Ices
41360078;ROMANCE BAR AND RESTAURANT;10303.0;Latin (Cuban, Dominican, Puerto Rican, South & Central American)
40423364;HOLTERMANN'S BAKERY;10308.0;Bakery
50047337;PAULIE'S PIZZERIA;10304.0;Pizza/Italian
50049940;HYLAN DINER;10306.0;Italian
50015315;MY PIZZERIA;10304.0;Pizza/Italian
41209994;ALL STAR PIZZA;10308.0;Pizza
50053317;KFC;10306.0;Chicken
41659167;CROWN PALACE RESTAURANT;10306.0;Chinese
50054419;KUZINA THE GREEK KITCHEN;10312.0;Greek
41717895;LOON CHUAN RESTAURANT;10309.0;Chinese
41036247;DUNKIN' DONUTS;10308.0;Donuts
50051513;GOLDEN PALACE;10312.0;Chinese
50065990;MICHELANGELO'S PIZZA;10310.0;Pizza
50059098;VIA NAPOLI;10306.0;Pizza/Italian
50072177;SHISHITO;10304.0;Japanese
41186427;El Pollo II Restaurant;10314.0;Latin (Cuban, Dominican, Puerto Rican, South & Central American)
40883049;DUNKIN' DONUTS;10305.0;Donuts
50061281;JOE & PAT'S;10314.0;Pizza/Italian
41540232;HARVEST CAFE;10306.0;American
41356909;GIUSEPPE PIZZERIA;10312.0;Pizza/Italian
50061281;JOE & PAT'S;10314.0;Pizza/Italian
40915451;DA NOI RESTAURANT;10314.0;Italian
41464140;AU BON PAIN;10301.0;Sandwiches/Salads/Mixed Buffet
41171890;ROYAL CROWN BAKERY CAFE;10305.0;Bakery
40367442;BUDDY'S WONDER BAR;10302.0;American
50002267;OCEAN SUSHI;10312.0;Japanese
50046288;KENNEDY FRIED CHICKEN;10304.0;Chicken
40376290;KING'S ARMS RESTAURANT;10310.0;American
41182682;SARKU JAPAN;10314.0;Japanese
41448021;PIER 76;10301.0;Italian
50013726;BROTHER PIZZA;10302.0;Pizza/Italian
41436344;KIM'S ISLAND CHINESE RESTAURANT;10307.0;Chinese
41659167;CROWN PALACE RESTAURANT;10306.0;Chinese
40366928;RICHMOND COUNTY COUNTRY CLUB;10304.0;American
41688037;STANDARD BURGER;10308.0;American
41075406;THE GAVEL GRILL;10301.0;American
40373118;GOLDEN DOVE DINER;10312.0;American
41389275;OAXACA DELI AND TAQUERIA;10310.0;Latin (Cuban, Dominican, Puerto Rican, South & Central American)
40390850;CAFE LUNA;10305.0;Italian
41717895;LOON CHUAN RESTAURANT;10309.0;Chinese
40367570;NI-NI'S CAFE;10306.0;Italian
50048317;THE BURRITO SPOT;10314.0;Mexican
40974392;BAYOU;10305.0;Cajun
50011483;ANNADALE TERRACE;10312.0;American
40516509;CAMPUS CENTER CAFETERIA;10314.0;American
41273461;WATEREDGE CAFE;10301.0;American
50056580;QUICK GRILL JAPAN;10314.0;Japanese
41509875;LAKRUWANA SRI LANKA UNDER ONE ROOF;10304.0;Indian
41463483;DUNKIN' DONUTS;10309.0;Donuts
41530819;FRANK & DANNY'S PIZZERIA;10312.0;Italian
41555711;LI'S HAPPY FAMILY;10306.0;Chinese
40862619;MORETTI BAKERY;10310.0;Bakery
50058620;ANGELINA'S KITCHEN;10314.0;Italian
50015012;NY FAMILY PIZZA;10305.0;Pizza/Italian
41604293;KRISPY PIZZA;10314.0;Pizza/Italian
41195964;SUBWAY;10305.0;Sandwiches
40992090;MCDONALD'S;10307.0;Hamburgers
50038951;GIOVANNIS TRATTORIA;10312.0;Italian
41595061;EL BRONKITO PIZZARIA RESTAURANT;10301.0;Mexican
50065949;MI ARMADILLO GRANDE;10302.0;Mexican
50063599;CUAUTLA MORELOS RESTAURANT;10302.0;Mexican
41123415;NURNBERGER BIERHAUS;10310.0;German
50044658;NOODLEFAN;10314.0;Thai
50048016;SIMPLE ASIA;10306.0;Asian
50000030;VILLAGE MARIA;10308.0;Pizza
50011998;MICHAEL'S MEATBALLS & MARTINIS;10305.0;Italian
41572440;THE LOFT AT ARIANA'S GRAND;10309.0;Italian
50014920;FUSHIMI JAPANESE CUISINE;10306.0;Japanese
40550262;MUG SHOTS;10314.0;American
41687950;THE PHUNKY ELEPHANT;10305.0;American
41546871;GOODFELLA'S;10314.0;Italian
40996642;RECUERDOS MEXICANOS;10302.0;Mexican
50039333;AUNTIE ANNE'S PRETZELS;10314.0;Bagels/Pretzels
41687110;KIKU JAPANESE CUISINE;10312.0;Japanese
50044967;THE BURRITO SHOPPE AND SALAD JUNKIE;10301.0;Mexican
50060918;JOE BROADWAYS SPORTS PUB;10308.0;American
40862619;MORETTI BAKERY;10310.0;Bakery
41433069;ISLANDER TASTE I;10309.0;Chinese
50072677;TASTE OF CHINA;10306.0;Chinese
40609705;BARIOS PIZZA & RESTAURANT;10314.0;Pizza/Italian
50044658;NOODLEFAN;10314.0;Thai
50044877;THE HARD HAT CAFE;10301.0;Soul Food
41436344;KIM'S ISLAND CHINESE RESTAURANT;10307.0;Chinese
41301327;STEINY'S PUB;10301.0;American
50062409;URBY EATS;10304.0;American
41020367;CUCINA FRESCA;10306.0;Pizza/Italian
50018227;TIM HORTONS;10314.0;CafÃ©/Coffee/Tea
50010946;FOREST BAGELS;10310.0;American
50071901;FRANK'S BAY PIZZA;10304.0;Pizza
40367442;BUDDY'S WONDER BAR;10302.0;American
50049597;ANDELLAS PIZZERIA;10312.0;Pizza/Italian
40385974;DAKOTA DINER;10314.0;American
50015617;CHEF HONG;10307.0;Chinese
41086217;MIKES OLYMPIC GRILL;10302.0;American
50060115;EL LOBITO LOCO;10302.0;Mexican
50014885;CAMPANIA COAL FIRED PIZZA;10312.0;Italian
41297788;PAGE PLAZA DINER;10309.0;American
50077601;CRAYA CAFE;10305.0;Mediterranean
40391086;A & S PIZZERIA;10301.0;Pizza/Italian
41593751;RINCONCITO PAISA-COLOMBIAN BAKERY & RESTAURANT;10303.0;Latin (Cuban, Dominican, Puerto Rican, South & Central American)
50010629;PANINI GRILL;10310.0;Italian
50064420;BAGEL HUT;10306.0;Bagels/Pretzels
50000281;DAIRY QUEEN GRILL & CHILL;;American
40688834;SEGUINE BAGEL BAKERY;10309.0;Delicatessen
41311453;BESO;10301.0;Spanish
50045479;FORTUNE HAWAII;10305.0;Chinese
50063108;CREPES DU NORD;10314.0;Pancakes/Waffles
40387243;JIMMY MAX RESTAURANT;10314.0;American
40516509;CAMPUS CENTER CAFETERIA;10314.0;American
50004099;JAC MAO CHINESE CUISINE;10305.0;Chinese
40368291;COLONNADE DINER;10306.0;American
50061181;FORK AND GROOVES;10301.0;Latin (Cuban, Dominican, Puerto Rican, South & Central American)
40399996;VILLA MONTE PIZZERIA;10312.0;Italian
41463446;DUNKIN' DONUTS;10314.0;Donuts
40620427;APPLEBEE'S;10314.0;American
41330043;PASTICCERIA BRUNO BAKERY & RESTAURANT;10310.0;Bakery
40398531;TRATTORIA ROMANA;10305.0;Italian
50081253;BAYWAY CATERING;10303.0;American
41659449;FUJI SUSHI;10305.0;Japanese
41049808;WAGNER COLLEGE - MAIN DINING      HALL;10301.0;American
50039305;BIN 5;10305.0;Italian
50073263;ISLAND GARDEN;10305.0;Chinese
50060674;MIMMOS BRICK OVEN PIZZA;10308.0;Pizza/Italian
40854101;LORENZOS BAR & GRILL (HILTON GARDEN);10314.0;American
50043350;HAPPY FORTUNE;10309.0;Chinese
41174904;TONY'S PIZZERIA;10312.0;Pizza
41574708;PRONTO RESTAURANT;10312.0;Pizza/Italian
50000865;FLANAGAN'S TAVERN;10308.0;American
50080006;Ocean Palace and Bar;10309.0;Chinese
50083217;POPEYES LOUISIANA KITCHEN;10314.0;Chicken
50046288;KENNEDY FRIED CHICKEN;10304.0;Chicken
50001132;WANG JIANG RESTAURANT;10301.0;Chinese
50002707;LIBERTY CATERING;10305.0;American
41076471;CHINAR ON THE ISLAND;10305.0;Russian
40911185;PAESANO'S PIZZA;10314.0;Pizza
50079152;GOLDEN DRAGON;10304.0;Chinese
50000171;CROWN PALACE;10302.0;Chinese
41357167;RESTAURANT ON THE PLAZA PIZZERIA;10306.0;Pizza/Italian
41155817;MCDONALD'S;10304.0;Hamburgers
41511573;BETTER GOURMET HEALTH KITCHEN;10306.0;American
41563707;PIZZERIA GIOVE;10306.0;Italian
40786924;BOSTON MARKET;10306.0;American
40946403;STARBUCKS;10310.0;CafÃ©/Coffee/Tea
41273461;WATEREDGE CAFE;10301.0;American
41105947;ADOBE BLUES;10301.0;Mexican
50072481;BASIL CUCINA & CATERING;10302.0;Pizza/Italian
41659449;FUJI SUSHI;10305.0;Japanese
50009313;NEW PHOENIX PALACE;10304.0;Chinese
50059651;INDIAN XPRESS 2;10305.0;Indian
50000281;DAIRY QUEEN GRILL & CHILL;;American
50040391;RIVER DOCK BAR & GRILL;10301.0;American
50078947;GREEN TEA;10301.0;Chinese
50048902;FUEL FEVER II;10305.0;American
50076178;EAT ITALIAN;10309.0;Italian
41099225;GOLDEN PASTRY SHOP;10301.0;Bakery
41560644;GOODFELLA'S PIZZERIA;10305.0;Italian
41656235;SUBWAY;10303.0;Sandwiches
50001580;CIRO PIZZA CAFE;10312.0;Italian
41714251;MAMMY'S SPORTS BAR;10302.0;Spanish
50011998;MICHAEL'S MEATBALLS & MARTINIS;10305.0;Italian
41649766;A & S CATERERS;10314.0;American
50039305;BIN 5;10305.0;Italian
50070596;BAY HOUSE;10304.0;Asian
50064474;DADDYO'S ON BAY;10301.0;Barbecue
41364122;CHECKERS;10303.0;Hamburgers
40962159;CAFE MILANO;10301.0;Italian
41431917;FOREST THAI CUISINE;10310.0;Thai
50083220;POKE ISLAND GRILL;10314.0;Japanese
50016861;MIZU HIBACHI JAPANESE FUSION;10307.0;Japanese
41692461;SUBWAY;10305.0;Sandwiches
50075173;SOBOL STATEN ISLAND;10310.0;Other
41195964;SUBWAY;10305.0;Sandwiches
41293635;NO. 1 CHINESE KITCHEN;10302.0;Chinese
41622592;GENNARO'S AT COUNTRY LANES;10305.0;American
40386058;ARIRANG HIBACHI STEAK HOUSE;10308.0;Japanese
50018782;CHIKURIN;10306.0;Japanese
41005011;DUNKIN' DONUTS;10314.0;Donuts
40603743;ROSSVILLE PIZZERIA;10309.0;Pizza/Italian
50051451;TROPICAL SMOOTHIE CAFE;10314.0;American
41659167;CROWN PALACE RESTAURANT;10306.0;Chinese
50013792;DUNKIN' DONUTS;10314.0;Donuts
41416592;SOUTH SHORE LITTLE LEAGUE;10307.0;Pizza
41647941;FRATELLI PIZZERIA;10309.0;Pizza/Italian
50039305;BIN 5;10305.0;Italian
40720280;THE HISTORIC OLD BERMUDA INN;10309.0;American
40391824;HILLSIDE SWIMMING CLUB;10314.0;American
50083220;POKE ISLAND GRILL;10314.0;Japanese
41673033;LEFT FIELD CONCESSION STAND;10301.0;American
40915451;DA NOI RESTAURANT;10314.0;Italian
41524226;MIKEY BAGELS;10307.0;American
50044877;THE HARD HAT CAFE;10301.0;Soul Food
50016261;O'NEILL'S RESTAURANT & BAR;10302.0;Irish
50059098;VIA NAPOLI;10306.0;Pizza/Italian
41311453;BESO;10301.0;Spanish
41508258;BELLA MAMA ROSE;10303.0;Italian
41584432;BURGER KING;10312.0;American
41500947;CABO RESTAURANT;10309.0;Mexican
40937528;GARIBALDI DELI RESTAURANT;10304.0;Mexican
40363834;CARVEL ICE CREAM;10305.0;Ice Cream, Gelato, Yogurt, Ices
41714253;BUFFALO WILD WINGS;10314.0;American
40551900;KILLMEYER'S OLD BAVARIA INN.;10309.0;German
50005897;TI AMO PIZZA;10314.0;Pizza
50005613;JADE ASIAN BISTRO;10306.0;Chinese/Japanese
50085563;POKE FUSION;10306.0;Asian
41615281;HO WOK;10308.0;Chinese
40854101;LORENZOS BAR & GRILL (HILTON GARDEN);10314.0;American
41273461;WATEREDGE CAFE;10301.0;American
41330566;CARLYLE GREEN  POOL STAND;10312.0;American
50011825;GOURMET CHEF CHINESE RESTAURANT;10306.0;Chinese
50040417;NEW YUNG HONG;10314.0;Chinese
50073779;THE BAGEL SHOPPE;10304.0;American
41595061;EL BRONKITO PIZZARIA RESTAURANT;10301.0;Mexican
41394975;LA FONTANA;10306.0;Italian
41018252;COLES DOCK SIDE RESTAURANT;10308.0;Italian
41505432;BAGEL BISTRO & DINER;10314.0;American
50038858;G-KNOWS CHEESESTEAKS;10302.0;American
41348662;SUBWAY;10302.0;Sandwiches/Salads/Mixed Buffet
50010946;FOREST BAGELS;10310.0;American
40376290;KING'S ARMS RESTAURANT;10310.0;American
50014761;SUBWAY;10306.0;American
41400697;NICOTRA BALLROOM + EMPLOYEE CAFETERIA + TEA-ROOM;10314.0;American
40720280;THE HISTORIC OLD BERMUDA INN;10309.0;American
50062846;LA IGUANA AZUL MEXICAN MARKET;10308.0;Mexican
40365120;SOUTH SHORE SWIMMING CLUB;10309.0;American
50074190;PROJECT BRUNCH;10310.0;American
50015315;MY PIZZERIA;10304.0;Pizza/Italian
50000823;TORINO PIZZA;10304.0;Pizza/Italian
40805108;BARNES & NOBLE CAFE;10314.0;CafÃ©/Coffee/Tea
40366711;LI GRECI'S STAATEN RESTAURANT;10310.0;American
50053777;WING WORLD;10306.0;Chicken
50045188;JUST HALAL;10314.0;Middle Eastern
41564788;PEPPERJACK GRILL;;American
40424709;THE CAKE CHEF;10314.0;Bakery
50039716;MEXICAN TAMALES MARTITA;10302.0;Mexican
50069759;SURF;10304.0;American
50004099;JAC MAO CHINESE CUISINE;10305.0;Chinese
40716299;CHUCK E. CHEESE'S;10314.0;Pizza
50072303;HAWAII POKE BOWL;10314.0;Asian
50010414;RED MANGO;10314.0;Ice Cream, Gelato, Yogurt, Ices
40368291;COLONNADE DINER;10306.0;American
50013792;DUNKIN' DONUTS;10314.0;Donuts
50081253;BAYWAY CATERING;10303.0;American
50075556;HOOK & REEL;;Seafood
41102190;AMICI BAKERY;10312.0;Bakery
40363834;CARVEL ICE CREAM;10305.0;Ice Cream, Gelato, Yogurt, Ices
41166368;TUTTO L'ITALIANO;10314.0;Pizza/Italian
50080789;MOE'S SOUTHWEST GRILL;10306.0;Mexican
50058790;RANDIWA;10314.0;Indian
41073493;NINOS RESTAURANT;10305.0;Italian
50033875;ARIANA'S;10309.0;Italian
50046038;JOE'S LOBSTER HOUSE;10309.0;Seafood
40423440;BUONO BAKERY;10305.0;Bakery
50056843;LIBERTY TAVERN;10301.0;American
50014885;CAMPANIA COAL FIRED PIZZA;10312.0;Italian
41717895;LOON CHUAN RESTAURANT;10309.0;Chinese
41507398;GRIFF'S PLACE;10306.0;American
41005009;DUNKIN' DONUTS;10301.0;Donuts
41586172;UMI SUSHI HIBACHI;10314.0;Japanese
50042074;YES GARDEN;10304.0;Chinese
40364286;PLAZA BAGELS & DELI;10306.0;Bagels/Pretzels
41566404;LUNCH BOX;10302.0;American
41155817;MCDONALD'S;10304.0;Hamburgers
41364122;CHECKERS;10303.0;Hamburgers
40782999;WENDY'S;10314.0;Hamburgers
50039305;BIN 5;10305.0;Italian
41425977;EMPIRE EAST;10306.0;Chinese
50080006;Ocean Palace and Bar;10309.0;Chinese
40979119;DUNKIN' DONUTS;10301.0;Donuts
40390850;CAFE LUNA;10305.0;Italian
41049808;WAGNER COLLEGE - MAIN DINING      HALL;10301.0;American
41541403;SAPPORO SUSHI RESTAURANT;10314.0;Japanese
41021528;SUBWAY;10314.0;Sandwiches
50018238;DEFONTE'S OF BROOKLYN;10304.0;Sandwiches
41511573;BETTER GOURMET HEALTH KITCHEN;10306.0;American
40423440;BUONO BAKERY;10305.0;Bakery
50054419;KUZINA THE GREEK KITCHEN;10312.0;Greek
41400697;NICOTRA BALLROOM + EMPLOYEE CAFETERIA + TEA-ROOM;10314.0;American
50008032;Pinot's Pallette;10307.0;Bottled beverages, including water, sodas, juices, etc.
41574432;GREAT KILLS LITTLE LEAGUE INC;10308.0;American
41209994;ALL STAR PIZZA;10308.0;Pizza
50015315;MY PIZZERIA;10304.0;Pizza/Italian
41126158;RICHMONDTOWN BAGEL DEPOT;10306.0;Bagels/Pretzels
50056512;INCA PERUVIAN GRILL KITCHEN;10306.0;Peruvian
41240553;ENOTECA MARIA;10301.0;Italian
50057703;PACIFIC KITCHEN;10306.0;Asian
50044469;PARKER'S SPORTS BAR;10306.0;American
40370910;PERKINS RESTAURANT & BAKERY;10303.0;American
41053864;LACEY'S BRIDGE TAVERN;10302.0;American
50056580;QUICK GRILL JAPAN;10314.0;Japanese
40424488;RENATO'S PASTRY SHOP;10302.0;Bakery
50054419;KUZINA THE GREEK KITCHEN;10312.0;Greek
41464140;AU BON PAIN;10301.0;Sandwiches/Salads/Mixed Buffet
40937528;GARIBALDI DELI RESTAURANT;10304.0;Mexican
50075836;DOMINO'S;10314.0;Pizza
41176514;FRESH TORTILLAS & TACOS;10306.0;Tex-Mex
50064420;BAGEL HUT;10306.0;Bagels/Pretzels
41647941;FRATELLI PIZZERIA;10309.0;Pizza/Italian
50064420;BAGEL HUT;10306.0;Bagels/Pretzels
41448021;PIER 76;10301.0;Italian
41273461;WATEREDGE CAFE;10301.0;American
50044967;THE BURRITO SHOPPE AND SALAD JUNKIE;10301.0;Mexican
50051888;WINGSTOP;10303.0;American
50052185;REGGIANO'S BRICK OVEN PIZZA;10309.0;Pizza/Italian
41705740;CUCUMBER;10308.0;Japanese
41636059;REGGIANO'S BRICK OVEN PIZZA;10307.0;Italian
50006350;NEW GYRO KING;10302.0;Mediterranean
40536227;JADE ISLAND RESTAURANT;10314.0;Chinese
41563707;PIZZERIA GIOVE;10306.0;Italian
50010629;PANINI GRILL;10310.0;Italian
41310363;ST. JOHN'S UNIVERSITY STUDENT CENTER;10301.0;American
50060685;BURGER KING;10307.0;American
41530631;LA DOLCE PASTRY SHOPPE;10309.0;Bakery
50003617;PI PIZZERIA;10314.0;Pizza
41182682;SARKU JAPAN;10314.0;Japanese
41174904;TONY'S PIZZERIA;10312.0;Pizza
40620427;APPLEBEE'S;10314.0;American
41383441;RUDDY AND DEAN;10301.0;American
50005897;TI AMO PIZZA;10314.0;Pizza
41400734;JOHN'S FAMOUS DELI;10302.0;Delicatessen
50015315;MY PIZZERIA;10304.0;Pizza/Italian
41549545;IL SOGNO ITALIANO RISTORANTE;10312.0;Italian
50044877;THE HARD HAT CAFE;10301.0;Soul Food
41582708;CANTINA MEXICANA;10306.0;Mexican
50073779;THE BAGEL SHOPPE;10304.0;American
41176514;FRESH TORTILLAS & TACOS;10306.0;Tex-Mex
50016261;O'NEILL'S RESTAURANT & BAR;10302.0;Irish
40390536;TASTE OF INDIA II RESTAURANT;;Indian
41028460;SUBWAY;10305.0;Sandwiches
41431222;ANGELINA'S RISTORANTE;;Italian
50000098;METRO PIZZA;10310.0;Pizza/Italian
50067151;MG SPANISH RESTAURANT;10302.0;Spanish
50000703;PATRIZIA'S OF BROOKLYN;10306.0;Italian
50058790;RANDIWA;10314.0;Indian
50078644;JOE BROADWAY'S;10303.0;Other
40364286;PLAZA BAGELS & DELI;10306.0;Bagels/Pretzels
40807236;RICHMOND COUNTY COUNTRY CLUB(10TH HOLE);10304.0;American
50044562;ROOKIE'S SPORTS BAR & GRILL;10312.0;American
41630891;GINO'S VILLA MONTE;10314.0;American
50051178;CHIPOTLE MEXICAN GRILL #2308;10306.0;Mexican
50014447;NEW ISLAND;10309.0;Chinese
41102190;AMICI BAKERY;10312.0;Bakery
50041569;CEYLON CURRY;10301.0;Indian
50016436;NEW TAQUERIA PUEBLA;10310.0;Mexican
50060710;MARIE'S;10301.0;Italian
40391086;A & S PIZZERIA;10301.0;Pizza/Italian
40383737;CANLON'S RESTAURANT;10306.0;Italian
41593751;RINCONCITO PAISA-COLOMBIAN BAKERY & RESTAURANT;10303.0;Latin (Cuban, Dominican, Puerto Rican, South & Central American)
41687110;KIKU JAPANESE CUISINE;10312.0;Japanese
50059256;THE PIZZA PARLOR;10312.0;Pizza/Italian
41015455;APPLEBEE'S;10306.0;American
50000066;MIYABI II ASIAN FUSION;10302.0;Asian
41322588;COLD STONE CREAMERY;10314.0;Ice Cream, Gelato, Yogurt, Ices
50010946;FOREST BAGELS;10310.0;American
40390536;TASTE OF INDIA II RESTAURANT;;Indian
40597618;TONY'S BRICK OVEN;10305.0;Pizza/Italian
41615281;HO WOK;10308.0;Chinese
41257914;SILVER LAKE GOLF COURSE;10301.0;American
41364122;CHECKERS;10303.0;Hamburgers
40883049;DUNKIN' DONUTS;10305.0;Donuts
50072333;CARVEL;10312.0;Ice Cream, Gelato, Yogurt, Ices
50034118;PHO MAC VIETNAMESE FOOD;10314.0;Vietnamese/Cambodian/Malaysia
50039716;MEXICAN TAMALES MARTITA;10302.0;Mexican
41438759;DOMINICK'S BAKERY & CAFE;10306.0;American
40871234;S & T BAGELS & DELI;10301.0;Bagels/Pretzels
41589349;PRONTO PIZZA;10306.0;Pizza/Italian
40366132;DENINO'S PIZZERIA TAVERN;10302.0;Pizza/Italian
40536227;JADE ISLAND RESTAURANT;10314.0;Chinese
50071986;TAVERNA ON THE BAY;10304.0;Other
41615012;VERONICA'S BAKERY;10302.0;Mexican
50040391;RIVER DOCK BAR & GRILL;10301.0;American
50065990;MICHELANGELO'S PIZZA;10310.0;Pizza
50010594;CRAFT HOUSE INC;10301.0;Barbecue
41151158;DOMENICOS PIZZERIA;10309.0;Pizza/Italian
40974392;BAYOU;10305.0;Cajun
41516689;THE JUICE BAR;10314.0;Fruits/Vegetables
40962159;CAFE MILANO;10301.0;Italian
40536591;PORTOBELLO CAFE;;Italian
50017518;DRAGON HOUSE;10305.0;Chinese
41343242;EAST PACIFIC;10314.0;Asian
41647941;FRATELLI PIZZERIA;10309.0;Pizza/Italian
40609677;BURGER KING;10302.0;Hamburgers
41705740;CUCUMBER;10308.0;Japanese
41500641;DUNKIN' DONUTS;10302.0;Donuts
41633272;PEKING TASTE & THAI;10314.0;Asian
50072526;PANINO RUSTICO OF STATEN ISLAND;10306.0;Italian
41673033;LEFT FIELD CONCESSION STAND;10301.0;American
41699217;RANDALL MANOR TAVERN;10310.0;American
41182682;SARKU JAPAN;10314.0;Japanese
50069179;MR V'S PIZZA CAFE;10309.0;Pizza
41652570;RALPH'S ICES;10308.0;Ice Cream, Gelato, Yogurt, Ices
40979119;DUNKIN' DONUTS;10301.0;Donuts
50060685;BURGER KING;10307.0;American
41217591;ITALIANISSIMO RESTAURANT CAFE BAR;10305.0;Italian
40876297;JERRY'S 637 DINER;10304.0;American
41463446;DUNKIN' DONUTS;10314.0;Donuts
41538262;KINGS PIZZERIA & RESTAURANT;10314.0;Italian
50014530;PANDA GARDEN;10306.0;Chinese
50071207;VIOLETTE'S CELLAR;10306.0;American
41394975;LA FONTANA;10306.0;Italian
41700602;NEW PHOENIX;10304.0;Chinese
50046038;JOE'S LOBSTER HOUSE;10309.0;Seafood
50053317;KFC;10306.0;Chicken
41257059;PANADERIA LA MIXTECA POBLANA & DELI;10301.0;Salads
41431917;FOREST THAI CUISINE;10310.0;Thai
41636059;REGGIANO'S BRICK OVEN PIZZA;10307.0;Italian
50071808;BIG NOSE KATES;10309.0;American
50016082;PRONTO PIZZA PASTA;10305.0;Pizza/Italian
50014761;SUBWAY;10306.0;American
41667444;QDOBA MEXICAN GRILL;10314.0;Tex-Mex
50039333;AUNTIE ANNE'S PRETZELS;10314.0;Bagels/Pretzels
50010946;FOREST BAGELS;10310.0;American
50071662;BIG AL'S CHICAGO STYLE PIZZA;10308.0;Pizza/Italian
40364299;B & M HOT BAGEL & GROCERY;10308.0;Delicatessen
50051739;DUNKIN DONUTS;10312.0;Donuts
41649766;A & S CATERERS;10314.0;American
50044562;ROOKIE'S SPORTS BAR & GRILL;10312.0;American
50037627;B & Y CATERING (Jewish Community Center);10314.0;Jewish/Kosher
41717895;LOON CHUAN RESTAURANT;10309.0;Chinese
50040391;RIVER DOCK BAR & GRILL;10301.0;American
41389275;OAXACA DELI AND TAQUERIA;10310.0;Latin (Cuban, Dominican, Puerto Rican, South & Central American)
50000281;DAIRY QUEEN GRILL & CHILL;;American
50008032;Pinot's Pallette;10307.0;Bottled beverages, including water, sodas, juices, etc.
41463477;DUNKIN' DONUTS;10310.0;Donuts
50006350;NEW GYRO KING;10302.0;Mediterranean
41317968;MAYNILA ORIENTAL FOOD MARKET;10314.0;Filipino
50061389;TACK'S CHINESE TAKE OUT;10314.0;Chinese
41705628;PIZZA MIA;10305.0;Pizza
40512074;ALFONSO'S PASTRY SHOPPE;10312.0;Bakery
41257727;PAPA JOHN'S;10302.0;Pizza
40786924;BOSTON MARKET;10306.0;American
40996642;RECUERDOS MEXICANOS;10302.0;Mexican
41249417;ROLLERJAM USA;10309.0;American
41155817;MCDONALD'S;10304.0;Hamburgers
50057072;MD BAGELS;10301.0;Delicatessen
40364299;B & M HOT BAGEL & GROCERY;10308.0;Delicatessen
40397075;EXCELSIOR CATERING;10306.0;American
50014761;SUBWAY;10306.0;American
50072177;SHISHITO;10304.0;Japanese
41615012;VERONICA'S BAKERY;10302.0;Mexican
50033540;EMPIRE EAST PAN ASIAN BISTRO;10314.0;Asian
41099225;GOLDEN PASTRY SHOP;10301.0;Bakery
41623317;PRONTO PIZZA;;Pizza/Italian
40791157;LA PIAZZA PIZZERIA & RESTAURANT;10314.0;Pizza
41511573;BETTER GOURMET HEALTH KITCHEN;10306.0;American
50051451;TROPICAL SMOOTHIE CAFE;10314.0;American
41338311;DIAMOND FOREST YAN'S CHINESE KITCHEN;10301.0;Chinese
40993786;DUNKIN' DONUTS;10308.0;Donuts
50014530;PANDA GARDEN;10306.0;Chinese
50010629;PANINI GRILL;10310.0;Italian
41535549;PRONTO PIZZA;10310.0;Italian
41123415;NURNBERGER BIERHAUS;10310.0;German
50010679;LUCKY FORTUNE;10308.0;Chinese
40423364;HOLTERMANN'S BAKERY;10308.0;Bakery
41089821;SOUTH FIN GRILL/THE VANDERBILT;;Italian
50008170;SOUTH SHORE HOT BAGELS;10309.0;Delicatessen
50075839;DOMINO'S;10305.0;Pizza
50011901;BARIO'S @ RICHMOND COUNTY SPORTS COMPLEX;10314.0;American
50033540;EMPIRE EAST PAN ASIAN BISTRO;10314.0;Asian
41507398;GRIFF'S PLACE;10306.0;American
40550262;MUG SHOTS;10314.0;American
50000066;MIYABI II ASIAN FUSION;10302.0;Asian
50044469;PARKER'S SPORTS BAR;10306.0;American
40901214;CHILI'S GRILL & BAR;10314.0;American
50039716;MEXICAN TAMALES MARTITA;10302.0;Mexican
40385974;DAKOTA DINER;10314.0;American
50082229;PIZZA VIZZA;10302.0;Pizza
50058554;SIPS AND MAKER;10306.0;CafÃ©/Coffee/Tea
50056263;DUZER'S LOCAL CAFE + MARKET;10304.0;CafÃ©/Coffee/Tea
50056263;DUZER'S LOCAL CAFE + MARKET;10304.0;CafÃ©/Coffee/Tea
40912964;NUCCI'S SOUTH;10309.0;Italian
40383737;CANLON'S RESTAURANT;10306.0;Italian
41589349;PRONTO PIZZA;10306.0;Pizza/Italian
41619579;CHARLIE BROWN'S FRESH GRILL;10303.0;American
41538262;KINGS PIZZERIA & RESTAURANT;10314.0;Italian
40552965;GROUND LEVEL  PUB & GRUB;10302.0;American
41374230;BOOTLEG MANNINGS;10303.0;American
41687110;KIKU JAPANESE CUISINE;10312.0;Japanese
50016672;HAPPY FORTUNE II;10314.0;Chinese
50004408;DI DI;10302.0;Chinese
40366711;LI GRECI'S STAATEN RESTAURANT;10310.0;American
41494911;NAPOLI PIZZERIA;10301.0;Pizza
50056512;INCA PERUVIAN GRILL KITCHEN;10306.0;Peruvian
50052334;FLAMING GRILL & SUPREME BUFFET;10302.0;Asian
40536591;PORTOBELLO CAFE;;Italian
50018948;COLD STONE CREAMERY;10301.0;Ice Cream, Gelato, Yogurt, Ices
50044906;GREAT CHINA RESTAURANT;10303.0;Chinese
41338311;DIAMOND FOREST YAN'S CHINESE KITCHEN;10301.0;Chinese
50052334;FLAMING GRILL & SUPREME BUFFET;10302.0;Asian
41412577;GENKI SUSHI;10312.0;Japanese
50073779;THE BAGEL SHOPPE;10304.0;American
41330566;CARLYLE GREEN  POOL STAND;10312.0;American
41365330;NEW EVERYBODY'S KITCHEN;10306.0;Chinese
50002067;GOLDEN STAR;10305.0;Chinese
50033875;ARIANA'S;10309.0;Italian
40363834;CARVEL ICE CREAM;10305.0;Ice Cream, Gelato, Yogurt, Ices
50067421;Precious Island Tea Shop;10306.0;Chinese
50040417;NEW YUNG HONG;10314.0;Chinese
40368291;COLONNADE DINER;10306.0;American
41705628;PIZZA MIA;10305.0;Pizza
41464310;VILLA PARADISIO;10308.0;Italian
40716299;CHUCK E. CHEESE'S;10314.0;Pizza
50061281;JOE & PAT'S;10314.0;Pizza/Italian
40883049;DUNKIN' DONUTS;10305.0;Donuts
41541403;SAPPORO SUSHI RESTAURANT;10314.0;Japanese
41146006;STARBUCKS;10314.0;CafÃ©/Coffee/Tea
40365013;CRYSTAL ROOM;10305.0;Italian
50000066;MIYABI II ASIAN FUSION;10302.0;Asian
41471136;NAKATA SUSHI;10306.0;Japanese
41174904;TONY'S PIZZERIA;10312.0;Pizza
50071662;BIG AL'S CHICAGO STYLE PIZZA;10308.0;Pizza/Italian
50018078;PHIL-AM KUSINA;10305.0;Filipino
50045188;JUST HALAL;10314.0;Middle Eastern
50078224;CHEZ ADJA;10301.0;African
50073779;THE BAGEL SHOPPE;10304.0;American
41338311;DIAMOND FOREST YAN'S CHINESE KITCHEN;10301.0;Chinese
41685208;PAPA'S HALAL CHICKEN & GRILL;10303.0;Indian
50044658;NOODLEFAN;10314.0;Thai
50052533;CHOPSTICKS HOUSE;10312.0;Chinese
50056193;EL DORADO RESTAURANT;10306.0;Spanish
40603743;ROSSVILLE PIZZERIA;10309.0;Pizza/Italian
50063466;DOMINICAN FOOD CORP;10303.0;Latin (Cuban, Dominican, Puerto Rican, South & Central American)
40386067;COUNTRY DONUTS;10312.0;Donuts
41431917;FOREST THAI CUISINE;10310.0;Thai
50076178;EAT ITALIAN;10309.0;Italian
41511573;BETTER GOURMET HEALTH KITCHEN;10306.0;American
50012298;KUZINA;10305.0;Greek
41069770;PASTICCERIA BRUNO OF GREENWICH VILLAGE;10305.0;Bakery
50067554;290 WILD BAR;10314.0;American
41538262;KINGS PIZZERIA & RESTAURANT;10314.0;Italian
41153944;MEZCALEROS  MEXICAN RESTAURANT;10314.0;Mexican
41209994;ALL STAR PIZZA;10308.0;Pizza
40512074;ALFONSO'S PASTRY SHOPPE;10312.0;Bakery
40601738;LA CANDELA ESPANOLA;10308.0;Spanish
41570059;AAA KENNEDY FRIED CHICKEN;10310.0;Chicken
50081310;CHINA BELL;10310.0;Chinese
50079815;ROUND PIE PIZZA COMPANY;10314.0;Pizza/Italian
50064474;DADDYO'S ON BAY;10301.0;Barbecue
41069770;PASTICCERIA BRUNO OF GREENWICH VILLAGE;10305.0;Bakery
50065881;ROLLING COW;10314.0;Ice Cream, Gelato, Yogurt, Ices
41317968;MAYNILA ORIENTAL FOOD MARKET;10314.0;Filipino
50012298;KUZINA;10305.0;Greek
40883049;DUNKIN' DONUTS;10305.0;Donuts
50070120;ZARA CAFE GRILL;10306.0;Turkish
50011483;ANNADALE TERRACE;10312.0;American
41330566;CARLYLE GREEN  POOL STAND;10312.0;American
50040391;RIVER DOCK BAR & GRILL;10301.0;American
50078682;CRUST PIZZERIA;10304.0;Pizza/Italian
50050642;CUZCO PERUVIAN  RESTAURANT;10310.0;Peruvian
50080406;DAVE & BUSTERS;10314.0;American
50079152;GOLDEN DRAGON;10304.0;Chinese
41254301;RALPH'S FAMOUS ITALIAN ICES;10309.0;Ice Cream, Gelato, Yogurt, Ices
41350965;MOTHER PUGS SALOON;10302.0;American
50067857;KIKI'S GRAB & GO;10307.0;Pizza/Italian
41033207;WENDY'S;10309.0;Hamburgers
50017253;FAB CUP;10310.0;CafÃ©/Coffee/Tea
50063466;DOMINICAN FOOD CORP;10303.0;Latin (Cuban, Dominican, Puerto Rican, South & Central American)
41208221;DUNKIN' DONUTS;10306.0;Donuts
41397825;CAFE CON PAN BAKERY II;10302.0;Bakery
40807234;RICHMOND COUNTY COUNTRY CLUB - POOL SNACK BAR;10304.0;American
50044877;THE HARD HAT CAFE;10301.0;Soul Food
50043534;DELAFIELD PIZZA;10310.0;Pizza
50084779;SUSHI WEN;10310.0;Other
50009313;NEW PHOENIX PALACE;10304.0;Chinese
50049213;BIG BOYS PIZZERIA;10306.0;Pizza/Italian
50017993;CARVEL ICE CREAM;10314.0;Ice Cream, Gelato, Yogurt, Ices
41673023;1ST BASE CONCESSION STAND;10301.0;American
41615012;VERONICA'S BAKERY;10302.0;Mexican
50006804;NURNBERGER;10310.0;German
50064420;BAGEL HUT;10306.0;Bagels/Pretzels
41685208;PAPA'S HALAL CHICKEN & GRILL;10303.0;Indian
40912964;NUCCI'S SOUTH;10309.0;Italian
40392313;CAFE BELLA VITA;10305.0;Italian
50000030;VILLAGE MARIA;10308.0;Pizza
41505432;BAGEL BISTRO & DINER;10314.0;American
50044658;NOODLEFAN;10314.0;Thai
50044906;GREAT CHINA RESTAURANT;10303.0;Chinese
50080871;TROPICAL SMOOTHIE CAFE;10302.0;Sandwiches/Salads/Mixed Buffet
50018610;MOON ROOF LOUNGE;10305.0;American
41317968;MAYNILA ORIENTAL FOOD MARKET;10314.0;Filipino
50075367;DA PIERA;10314.0;Italian
41237824;NEW WIN HING III CHINESE RESTAURANT;10301.0;Chinese
41069770;PASTICCERIA BRUNO OF GREENWICH VILLAGE;10305.0;Bakery
41535549;PRONTO PIZZA;10310.0;Italian
50058597;TIM HORTON'S;10307.0;American
50048942;CARVEL;10309.0;Ice Cream, Gelato, Yogurt, Ices
41672996;THIRD BASE CONCESSION STAND;10301.0;American
40387243;JIMMY MAX RESTAURANT;10314.0;American
40386058;ARIRANG HIBACHI STEAK HOUSE;10308.0;Japanese
41633013;TOMO JAPANESE RESTAURANT;10312.0;Japanese
50076141;UNCLE LOUIE G'S ITALIAN ICE;10308.0;Ice Cream, Gelato, Yogurt, Ices
40423819;ALFONSO'S PASTRY SHOPPE;10314.0;Bakery
50072503;PHO RAINBOW;10306.0;Asian
40369158;JODY'S CLUB;10301.0;American
50080644;VIVI BUBBLE TEA;10310.0;Other
41182682;SARKU JAPAN;10314.0;Japanese
50040391;RIVER DOCK BAR & GRILL;10301.0;American
50073779;THE BAGEL SHOPPE;10304.0;American
41464140;AU BON PAIN;10301.0;Sandwiches/Salads/Mixed Buffet
50037436;3 GUYS SUSHI;10310.0;Japanese
50003617;PI PIZZERIA;10314.0;Pizza
40536227;JADE ISLAND RESTAURANT;10314.0;Chinese
40551900;KILLMEYER'S OLD BAVARIA INN.;10309.0;German
41102190;AMICI BAKERY;10312.0;Bakery
50041569;CEYLON CURRY;10301.0;Indian
40782999;WENDY'S;10314.0;Hamburgers
41240596;PANERA BREAD;10314.0;Sandwiches
41542473;PEKING KITCHEN CHINESE CUISINE;10314.0;Chinese
50001580;CIRO PIZZA CAFE;10312.0;Italian
41686601;RUSTY'S BAR;10310.0;American
40368291;COLONNADE DINER;10306.0;American
50048317;THE BURRITO SPOT;10314.0;Mexican
41582708;CANTINA MEXICANA;10306.0;Mexican
41630917;NEW CHINA BUFFET;10306.0;Chinese
50010594;CRAFT HOUSE INC;10301.0;Barbecue
50012625;CROWN FRIED CHICKEN;10302.0;American
41688851;VIA PONTE PIZZERIA;10305.0;Pizza/Italian
50064420;BAGEL HUT;10306.0;Bagels/Pretzels
40791157;LA PIAZZA PIZZERIA & RESTAURANT;10314.0;Pizza
41710730;NORTH SHORE PIZZERIA & RESTAURANT;10302.0;Pizza
41176008;CHINA CHALET;10312.0;Chinese
41579281;MANOR SUSHI;10314.0;Japanese
50040819;SUBWAY & CARVEL;10301.0;Sandwiches
41547796;THE BOMOND RESTAURANT;10308.0;Russian
50041569;CEYLON CURRY;10301.0;Indian
40423819;ALFONSO'S PASTRY SHOPPE;10314.0;Bakery
40510804;WOODROW DINER;10309.0;American
41249417;ROLLERJAM USA;10309.0;American
50003701;MILLER'S ALE HOUSE;10314.0;American
50000281;DAIRY QUEEN GRILL & CHILL;;American
50000816;GOOD TASTE RESTAURANT;10308.0;Chinese
41707158;YOGURT CITY;10308.0;Ice Cream, Gelato, Yogurt, Ices
41702705;ZZ'S PIZZA & GRILL;10301.0;Pizza
40688834;SEGUINE BAGEL BAKERY;10309.0;Delicatessen
41431222;ANGELINA'S RISTORANTE;;Italian
41572440;THE LOFT AT ARIANA'S GRAND;10309.0;Italian
41297788;PAGE PLAZA DINER;10309.0;American
41705740;CUCUMBER;10308.0;Japanese
41457654;BURGER KING;10314.0;Hamburgers
41541403;SAPPORO SUSHI RESTAURANT;10314.0;Japanese
41364122;CHECKERS;10303.0;Hamburgers
40821141;KNIGHTS OF COLUMBUS HOUSE;10309.0;American
41659167;CROWN PALACE RESTAURANT;10306.0;Chinese
50074564;GARLIC BBQ BAKERY;10302.0;Barbecue
40387746;ROSEBANK TAVERN;10305.0;American
50059098;VIA NAPOLI;10306.0;Pizza/Italian
50010629;PANINI GRILL;10310.0;Italian
50041775;SONIC DRIVE-IN;10307.0;American
40383945;PIZZA D'ORO;10314.0;Pizza
50060918;JOE BROADWAYS SPORTS PUB;10308.0;American
50069610;YUMMY MACHI;10303.0;Japanese
41397825;CAFE CON PAN BAKERY II;10302.0;Bakery
50045054;CHINA NEW STAR RESTAURANT;10302.0;Chinese
40597618;TONY'S BRICK OVEN;10305.0;Pizza/Italian
40979119;DUNKIN' DONUTS;10301.0;Donuts
41005011;DUNKIN' DONUTS;10314.0;Donuts
41530819;FRANK & DANNY'S PIZZERIA;10312.0;Italian
41374230;BOOTLEG MANNINGS;10303.0;American
41129116;DUNKIN' DONUTS;10314.0;Donuts
50000281;DAIRY QUEEN GRILL & CHILL;;American
41570059;AAA KENNEDY FRIED CHICKEN;10310.0;Chicken
41176514;FRESH TORTILLAS & TACOS;10306.0;Tex-Mex
50051408;CUCUMBER SUSHI & SALAD BAR;10309.0;Japanese
50061281;JOE & PAT'S;10314.0;Pizza/Italian
41397825;CAFE CON PAN BAKERY II;10302.0;Bakery
41686601;RUSTY'S BAR;10310.0;American
50078947;GREEN TEA;10301.0;Chinese
50072532;CRIMMINS ALE HOUSE;10310.0;American
50033540;EMPIRE EAST PAN ASIAN BISTRO;10314.0;Asian
50046038;JOE'S LOBSTER HOUSE;10309.0;Seafood
40962159;CAFE MILANO;10301.0;Italian
50049262;CHANG NOI THAI;10301.0;Thai
41500947;CABO RESTAURANT;10309.0;Mexican
50058451;BROTHER'S PIZZA TWO;10309.0;Pizza/Italian
40392313;CAFE BELLA VITA;10305.0;Italian
50057772;PINOTS PALETTE;10302.0;Bottled beverages, including water, sodas, juices, etc.
41293635;NO. 1 CHINESE KITCHEN;10302.0;Chinese
50008709;STATUE OF LIBERTY DELI;10301.0;American
50004408;DI DI;10302.0;Chinese
41597047;Z-TWO DINER & LOUNGE;10309.0;American
40542345;TOWNE DELI & PIZZA;10307.0;Pizza
50004408;DI DI;10302.0;Chinese
41679915;LA NUEVA CANASTA;10305.0;Mexican
40609676;BURGER KING;10305.0;Hamburgers
50079152;GOLDEN DRAGON;10304.0;Chinese
41721414;SUSHI BENTO;10314.0;Japanese
41184056;APPLEBEE'S;10309.0;American
50060826;JERSEY MIKE'S SUBS;10306.0;Sandwiches
50069759;SURF;10304.0;American
41688851;VIA PONTE PIZZERIA;10305.0;Pizza/Italian
50002463;LE ROI LOUNGE;10314.0;Middle Eastern
50045828;SI FISH & MORE;10301.0;American
41516689;THE JUICE BAR;10314.0;Fruits/Vegetables
50051080;CAJUN CAFE & GRILL;10314.0;Cajun
50000865;FLANAGAN'S TAVERN;10308.0;American
41174904;TONY'S PIZZERIA;10312.0;Pizza
40547434;THE BURRITO BAR RESTAURANT;10310.0;Mexican
41208221;DUNKIN' DONUTS;10306.0;Donuts
41172425;EL POLLO RESTAURANT AND BAR;;Latin (Cuban, Dominican, Puerto Rican, South & Central American)
41200687;PLANET WINGS;10306.0;Chicken
41443150;VILLA MONTE II PIZZERIA AND RESTAURANT;10306.0;Pizza/Italian
50034716;GREEN GARDEN;10310.0;Chinese
50038858;G-KNOWS CHEESESTEAKS;10302.0;American
41308249;ORIENTAL PLAZA;10314.0;Chinese
41020367;CUCINA FRESCA;10306.0;Pizza/Italian
40424709;THE CAKE CHEF;10314.0;Bakery
40364299;B & M HOT BAGEL & GROCERY;10308.0;Delicatessen
41102190;AMICI BAKERY;10312.0;Bakery
41260427;658 KINGS DELI;10306.0;Delicatessen
41636059;REGGIANO'S BRICK OVEN PIZZA;10307.0;Italian
41357167;RESTAURANT ON THE PLAZA PIZZERIA;10306.0;Pizza/Italian
41389364;VALIANO PIZZA;10314.0;Pizza
50016436;NEW TAQUERIA PUEBLA;10310.0;Mexican
40912964;NUCCI'S SOUTH;10309.0;Italian
41516689;THE JUICE BAR;10314.0;Fruits/Vegetables
41346158;CASA NINO;10312.0;Pizza
50019174;WING WORLD;10314.0;American
41646201;120 BAY CAFE;10301.0;American
40366711;LI GRECI'S STAATEN RESTAURANT;10310.0;American
41582708;CANTINA MEXICANA;10306.0;Mexican
41468119;NANSEN LODGE SOCIAL CLUB;10314.0;American
40391086;A & S PIZZERIA;10301.0;Pizza/Italian
41073493;NINOS RESTAURANT;10305.0;Italian
50074586;MIKE JR'S RICHMOND DINER;10312.0;American
41397825;CAFE CON PAN BAKERY II;10302.0;Bakery
40368291;COLONNADE DINER;10306.0;American
41686159;BELLA GIORNATA;10301.0;American
50000823;TORINO PIZZA;10304.0;Pizza/Italian
41572685;BROOKLYNS FINEST PIZZA & RESTAURANT;10305.0;Pizza/Italian
41443150;VILLA MONTE II PIZZERIA AND RESTAURANT;10306.0;Pizza/Italian
50049597;ANDELLAS PIZZERIA;10312.0;Pizza/Italian
40720280;THE HISTORIC OLD BERMUDA INN;10309.0;American
50015534;MANGIA FRESH KITCHEN;10312.0;Italian
41032639;BETTER GOURMET HEALTH KITCHEN;10314.0;American
50000098;METRO PIZZA;10310.0;Pizza/Italian
50014650;GOOD WOK RESTAURANT;10305.0;Chinese
41389501;PLAY SPORTS BAR;10312.0;Other
50047645;BOCELLI'S;10305.0;Italian
40423819;ALFONSO'S PASTRY SHOPPE;10314.0;Bakery
50014530;PANDA GARDEN;10306.0;Chinese
41257727;PAPA JOHN'S;10302.0;Pizza
50040391;RIVER DOCK BAR & GRILL;10301.0;American
50007005;Big E's Deli;10314.0;Delicatessen
50034673;SOUTH SHORE BAR & GRILL;10307.0;American
50062846;LA IGUANA AZUL MEXICAN MARKET;10308.0;Mexican
50068271;SANMA JAPANESE RESTAURANT;10314.0;Japanese
41572685;BROOKLYNS FINEST PIZZA & RESTAURANT;10305.0;Pizza/Italian
41716909;STARBUCKS;10309.0;CafÃ©/Coffee/Tea
50052185;REGGIANO'S BRICK OVEN PIZZA;10309.0;Pizza/Italian
41500947;CABO RESTAURANT;10309.0;Mexican
41249417;ROLLERJAM USA;10309.0;American
41326216;NONNA'S OLD FASHIONED PIZZERIA / NONNA'S BAGELS;10308.0;Pizza/Italian
41123423;J AND B PIZZERIA;10303.0;Pizza/Italian
40956260;JOE & JOHN TOTO'S RESTAURANT;10305.0;Italian
50015893;J'S ON THE BAY;10305.0;American
50018165;YUM YUM EASTERN;10312.0;Asian
50049940;HYLAN DINER;10306.0;Italian
50010414;RED MANGO;10314.0;Ice Cream, Gelato, Yogurt, Ices
41700602;NEW PHOENIX;10304.0;Chinese
41555711;LI'S HAPPY FAMILY;10306.0;Chinese
40728353;UNIQUE LOUNGE;10312.0;American
50070421;THE KETTLE BLACK;10301.0;American
41240596;PANERA BREAD;10314.0;Sandwiches
50082488;TJ FLAVOUR;10301.0;Tex-Mex
50042074;YES GARDEN;10304.0;Chinese
50002395;EMPIRE SZECHUAN VILLAGE;10312.0;Chinese
50051080;CAJUN CAFE & GRILL;10314.0;Cajun
40510804;WOODROW DINER;10309.0;American
40392313;CAFE BELLA VITA;10305.0;Italian
41595061;EL BRONKITO PIZZARIA RESTAURANT;10301.0;Mexican
41563707;PIZZERIA GIOVE;10306.0;Italian
40915451;DA NOI RESTAURANT;10314.0;Italian
40591519;ALEX'S KITCHEN;10303.0;Soul Food
41210339;CHELSEA PLAYGROUND;10314.0;American
41563707;PIZZERIA GIOVE;10306.0;Italian
50000171;CROWN PALACE;10302.0;Chinese
50010629;PANINI GRILL;10310.0;Italian
41692974;SOGOGOOGO SUSHI;;Japanese
41662314;JUSTINOS PIZZERIA;10306.0;Pizza
50057703;PACIFIC KITCHEN;10306.0;Asian
50000020;SAPORITO PIZZA & RESTAURANT;10312.0;Pizza/Italian
50010946;FOREST BAGELS;10310.0;American
50019096;LUK & BART HOMEMADE FOOD;10303.0;Polish
40536591;PORTOBELLO CAFE;;Italian
41667444;QDOBA MEXICAN GRILL;10314.0;Tex-Mex
40999249;HEARTLAND BAGELS;10314.0;Bagels/Pretzels
50072481;BASIL CUCINA & CATERING;10302.0;Pizza/Italian
41687110;KIKU JAPANESE CUISINE;10312.0;Japanese
41682200;PEKING TASTE;10312.0;Chinese
50019096;LUK & BART HOMEMADE FOOD;10303.0;Polish
41700602;NEW PHOENIX;10304.0;Chinese
50058524;YUM YUM CHINESE FOOD;10303.0;Chinese
40956188;BAGELS ON THE LANE;10306.0;Delicatessen
41619579;CHARLIE BROWN'S FRESH GRILL;10303.0;American
41530631;LA DOLCE PASTRY SHOPPE;10309.0;Bakery
41658786;PIECE-A-CAKE / COOKIE JAR;10306.0;Bakery
41046514;WAGNER COLLEGE - HAWK'S NEST;10301.0;American
50047337;PAULIE'S PIZZERIA;10304.0;Pizza/Italian
50014885;CAMPANIA COAL FIRED PIZZA;10312.0;Italian
50056512;INCA PERUVIAN GRILL KITCHEN;10306.0;Peruvian
41705740;CUCUMBER;10308.0;Japanese
41702705;ZZ'S PIZZA & GRILL;10301.0;Pizza
41101925;T.G.I. FRIDAY'S;10314.0;American
50053668;KORZO KLUB;10305.0;Eastern European
50064420;BAGEL HUT;10306.0;Bagels/Pretzels
41623317;PRONTO PIZZA;;Pizza/Italian
50000030;VILLAGE MARIA;10308.0;Pizza
41471136;NAKATA SUSHI;10306.0;Japanese
50000204;DANI'S;10307.0;Italian
50081394;INTOXX FITNESS;10309.0;Other
41560032;NO. 1 KITCHEN;10305.0;Chinese
50063599;CUAUTLA MORELOS RESTAURANT;10302.0;Mexican
50067151;MG SPANISH RESTAURANT;10302.0;Spanish
40390850;CAFE LUNA;10305.0;Italian
50007663;DELUCA'S ITALIAN RESTAURANT;10307.0;Italian
50002267;OCEAN SUSHI;10312.0;Japanese
41373803;Z-ONE DINER & LOUNGE;10314.0;American
41700602;NEW PHOENIX;10304.0;Chinese
41174904;TONY'S PIZZERIA;10312.0;Pizza
50014885;CAMPANIA COAL FIRED PIZZA;10312.0;Italian
41557786;DUNKIN' DONUTS;10306.0;Donuts
40716299;CHUCK E. CHEESE'S;10314.0;Pizza
50084763;Flaming Grill & Supreme Buffet;10302.0;Chinese
41151158;DOMENICOS PIZZERIA;10309.0;Pizza/Italian
50006379;BETTER GOURMET HEALTH KITCHEN;10301.0;American
40512074;ALFONSO'S PASTRY SHOPPE;10312.0;Bakery
41649766;A & S CATERERS;10314.0;American
41171890;ROYAL CROWN BAKERY CAFE;10305.0;Bakery
50004099;JAC MAO CHINESE CUISINE;10305.0;Chinese
50056843;LIBERTY TAVERN;10301.0;American
40377262;SUNSET PIZZERIA;10309.0;Pizza/Italian
50014605;MORELOS DELI & FRUIT;10301.0;Spanish
41360872;DUNKIN' DONUTS;10309.0;CafÃ©/Coffee/Tea
41679915;LA NUEVA CANASTA;10305.0;Mexican
41636059;REGGIANO'S BRICK OVEN PIZZA;10307.0;Italian
50011998;MICHAEL'S MEATBALLS & MARTINIS;10305.0;Italian
41692974;SOGOGOOGO SUSHI;;Japanese
41357167;RESTAURANT ON THE PLAZA PIZZERIA;10306.0;Pizza/Italian
50005613;JADE ASIAN BISTRO;10306.0;Chinese/Japanese
41614438;THE WEST SHORE INN RESTAURANT;10314.0;American
50077634;BISTRO GRILL;10308.0;Mediterranean
41257914;SILVER LAKE GOLF COURSE;10301.0;American
41650549;LILY REDS;10309.0;Other
50049597;ANDELLAS PIZZERIA;10312.0;Pizza/Italian
40911185;PAESANO'S PIZZA;10314.0;Pizza
41717895;LOON CHUAN RESTAURANT;10309.0;Chinese
50078224;CHEZ ADJA;10301.0;African
50055462;PUGLIA OF HESTER ST;10308.0;Italian
41673048;AUNT ANNIE'S;10301.0;American
40937528;GARIBALDI DELI RESTAURANT;10304.0;Mexican
41464310;VILLA PARADISIO;10308.0;Italian
41511573;BETTER GOURMET HEALTH KITCHEN;10306.0;American
41374230;BOOTLEG MANNINGS;10303.0;American
41374230;BOOTLEG MANNINGS;10303.0;American
40901214;CHILI'S GRILL & BAR;10314.0;American
41535549;PRONTO PIZZA;10310.0;Italian
41182682;SARKU JAPAN;10314.0;Japanese
50012974;ROMEO'S PIZZERIA;10312.0;Pizza/Italian
50070153;H 1 Cafe Inc.;10314.0;Other
50000281;DAIRY QUEEN GRILL & CHILL;;American
41566404;LUNCH BOX;10302.0;American
50018283;M & K SPANISH RESTAURANT BAR;10306.0;Spanish
50072177;SHISHITO;10304.0;Japanese
40915451;DA NOI RESTAURANT;10314.0;Italian
50015315;MY PIZZERIA;10304.0;Pizza/Italian
50003701;MILLER'S ALE HOUSE;10314.0;American
50003148;FIVE GUYS FAMOUS BURGERS AND FRIES;10314.0;American
41257727;PAPA JOHN'S;10302.0;Pizza
40536591;PORTOBELLO CAFE;;Italian
40363427;BAGELS N BUNS;10314.0;Delicatessen
50004099;JAC MAO CHINESE CUISINE;10305.0;Chinese
41382168;PLANET WINGS;10308.0;Chicken
40686672;PERKINS RESTAURANT & BAKERY;10305.0;American
41646655;BLUE;10310.0;Mediterranean
50063599;CUAUTLA MORELOS RESTAURANT;10302.0;Mexican
41563707;PIZZERIA GIOVE;10306.0;Italian
50004408;DI DI;10302.0;Chinese
41377235;HOLY SCHNITZEL;10314.0;Jewish/Kosher
50047996;YUMMY TACO;10305.0;Tex-Mex
41530631;LA DOLCE PASTRY SHOPPE;10309.0;Bakery
41672996;THIRD BASE CONCESSION STAND;10301.0;American
41005009;DUNKIN' DONUTS;10301.0;Donuts
40786923;BOSTON MARKET;10312.0;American
50040417;NEW YUNG HONG;10314.0;Chinese
41151158;DOMENICOS PIZZERIA;10309.0;Pizza/Italian
40550262;MUG SHOTS;10314.0;American
41463477;DUNKIN' DONUTS;10310.0;Donuts
40786924;BOSTON MARKET;10306.0;American
41394975;LA FONTANA;10306.0;Italian
40536591;PORTOBELLO CAFE;;Italian
41208219;DUNKIN' DONUTS;10314.0;Donuts
41259825;MARIE'S GOURMET;10301.0;American
50000823;TORINO PIZZA;10304.0;Pizza/Italian
41673033;LEFT FIELD CONCESSION STAND;10301.0;American
40956188;BAGELS ON THE LANE;10306.0;Delicatessen
50053195;PAINTING WITH A TWIST;10306.0;American
41614438;THE WEST SHORE INN RESTAURANT;10314.0;American
40385974;DAKOTA DINER;10314.0;American
41695054;CASA VERDE;10306.0;Pizza/Italian
41316433;CIELO RISTORANTE;10305.0;Italian
50015636;OVERSPRAY;10304.0;American
50040391;RIVER DOCK BAR & GRILL;10301.0;American
50080154;Richmond Republic;10312.0;American
41579281;MANOR SUSHI;10314.0;Japanese
40536227;JADE ISLAND RESTAURANT;10314.0;Chinese
50049597;ANDELLAS PIZZERIA;10312.0;Pizza/Italian
41615012;VERONICA'S BAKERY;10302.0;Mexican
50018238;DEFONTE'S OF BROOKLYN;10304.0;Sandwiches
50014518;HARBOR EATS;10310.0;American
50015534;MANGIA FRESH KITCHEN;10312.0;Italian
50016021;RED APPLE;10305.0;Japanese
41260427;658 KINGS DELI;10306.0;Delicatessen
41092947;M & K SPANISH RESTAURANT;10301.0;Spanish
41356909;GIUSEPPE PIZZERIA;10312.0;Pizza/Italian
41531196;CALL IT A WRAP;10310.0;American
50080344;MONA'S CUISINE;10304.0;Caribbean
41092947;M & K SPANISH RESTAURANT;10301.0;Spanish
41389275;OAXACA DELI AND TAQUERIA;10310.0;Latin (Cuban, Dominican, Puerto Rican, South & Central American)
41005011;DUNKIN' DONUTS;10314.0;Donuts
41099225;GOLDEN PASTRY SHOP;10301.0;Bakery
50011483;ANNADALE TERRACE;10312.0;American
41112530;ATRIUM CINEMAS;10308.0;American
50018268;MCDONALD'S;10303.0;American
40871234;S & T BAGELS & DELI;10301.0;Bagels/Pretzels
50018238;DEFONTE'S OF BROOKLYN;10304.0;Sandwiches
41431222;ANGELINA'S RISTORANTE;;Italian
50078682;CRUST PIZZERIA;10304.0;Pizza/Italian
41102190;AMICI BAKERY;10312.0;Bakery
40609678;BURGER KING;10306.0;Hamburgers
41560644;GOODFELLA'S PIZZERIA;10305.0;Italian
50075719;LA IGUANA AZUL RESTAURANT;10308.0;Mexican
41311453;BESO;10301.0;Spanish
40999249;HEARTLAND BAGELS;10314.0;Bagels/Pretzels
50001819;MCDONALD'S;10306.0;Hamburgers
50076185;AVOCADO;10312.0;Japanese
50064420;BAGEL HUT;10306.0;Bagels/Pretzels
41374230;BOOTLEG MANNINGS;10303.0;American
40716299;CHUCK E. CHEESE'S;10314.0;Pizza
50014518;HARBOR EATS;10310.0;American
50040391;RIVER DOCK BAR & GRILL;10301.0;American
40423819;ALFONSO'S PASTRY SHOPPE;10314.0;Bakery
41687110;KIKU JAPANESE CUISINE;10312.0;Japanese
40423440;BUONO BAKERY;10305.0;Bakery
50056512;INCA PERUVIAN GRILL KITCHEN;10306.0;Peruvian
41692974;SOGOGOOGO SUSHI;;Japanese
40803444;MANOR HOUSE RESTAURANT;10314.0;Italian
50018227;TIM HORTONS;10314.0;CafÃ©/Coffee/Tea
50017518;DRAGON HOUSE;10305.0;Chinese
41389275;OAXACA DELI AND TAQUERIA;10310.0;Latin (Cuban, Dominican, Puerto Rican, South & Central American)
50017820;MARIO'S;10304.0;American
50080154;Richmond Republic;10312.0;American
41468119;NANSEN LODGE SOCIAL CLUB;10314.0;American
50072815;LA FONTANA SORELLENA;10312.0;Italian
41673050;RIGHT FIELD BEER EXPRESS/PICNIC;10301.0;Bottled beverages, including water, sodas, juices, etc.
41685208;PAPA'S HALAL CHICKEN & GRILL;10303.0;Indian
41332088;CARVEL ICE CREAM;10310.0;Ice Cream, Gelato, Yogurt, Ices
41547684;PLANET WINGS;10310.0;American
41389501;PLAY SPORTS BAR;10312.0;Other
41259025;BOARDWALK GRILL;10305.0;American
41572440;THE LOFT AT ARIANA'S GRAND;10309.0;Italian
41413320;NUNZIO PIZZERIA'S;10306.0;Pizza/Italian
41273461;WATEREDGE CAFE;10301.0;American
50018238;DEFONTE'S OF BROOKLYN;10304.0;Sandwiches
40549269;BLUE & GRAY INN;10310.0;American
50080006;Ocean Palace and Bar;10309.0;Chinese
40398531;TRATTORIA ROMANA;10305.0;Italian
41195964;SUBWAY;10305.0;Sandwiches
50075719;LA IGUANA AZUL RESTAURANT;10308.0;Mexican
41615012;VERONICA'S BAKERY;10302.0;Mexican
41443150;VILLA MONTE II PIZZERIA AND RESTAURANT;10306.0;Pizza/Italian
50082248;Philly Pretzel Factory;10310.0;Hotdogs/Pretzels
41635663;CINDERELLAS RESTAURANT;10301.0;Mexican
40516509;CAMPUS CENTER CAFETERIA;10314.0;American
50013792;DUNKIN' DONUTS;10314.0;Donuts
50042074;YES GARDEN;10304.0;Chinese
50033140;RED ROBIN GOURMET BURGERS AND BREW;10314.0;American
40911185;PAESANO'S PIZZA;10314.0;Pizza
40369158;JODY'S CLUB;10301.0;American
50037436;3 GUYS SUSHI;10310.0;Japanese
41069770;PASTICCERIA BRUNO OF GREENWICH VILLAGE;10305.0;Bakery
41020367;CUCINA FRESCA;10306.0;Pizza/Italian
41249417;ROLLERJAM USA;10309.0;American
50081719;PRESTO PIZZA & PASTA;10310.0;Pizza
50076141;UNCLE LOUIE G'S ITALIAN ICE;10308.0;Ice Cream, Gelato, Yogurt, Ices
50068470;CARVEL 1429;10303.0;Ice Cream, Gelato, Yogurt, Ices
41682200;PEKING TASTE;10312.0;Chinese
50005613;JADE ASIAN BISTRO;10306.0;Chinese/Japanese
41151158;DOMENICOS PIZZERIA;10309.0;Pizza/Italian
40423819;ALFONSO'S PASTRY SHOPPE;10314.0;Bakery
50080570;IN FINE FETTLE;10314.0;American
50049940;HYLAN DINER;10306.0;Italian
41171890;ROYAL CROWN BAKERY CAFE;10305.0;Bakery
41692974;SOGOGOOGO SUSHI;;Japanese
41273461;WATEREDGE CAFE;10301.0;American
41579281;MANOR SUSHI;10314.0;Japanese
50044877;THE HARD HAT CAFE;10301.0;Soul Food
41699217;RANDALL MANOR TAVERN;10310.0;American
40399996;VILLA MONTE PIZZERIA;10312.0;Italian
41681666;ISLAND SOFT PRETZEL STOP;10301.0;Hotdogs/Pretzels
41538262;KINGS PIZZERIA & RESTAURANT;10314.0;Italian
50068045;CURRY LEAF;10301.0;Asian
50004139;FORTUNE COOKIE;10302.0;Chinese
50010946;FOREST BAGELS;10310.0;American
50001819;MCDONALD'S;10306.0;Hamburgers
41259825;MARIE'S GOURMET;10301.0;American
50033125;CARVEL ICE CREAM;10314.0;Ice Cream, Gelato, Yogurt, Ices
40392313;CAFE BELLA VITA;10305.0;Italian
50033140;RED ROBIN GOURMET BURGERS AND BREW;10314.0;American
41693538;NEW CHOI HEE CHINESE;10304.0;Chinese
40510804;WOODROW DINER;10309.0;American
50044658;NOODLEFAN;10314.0;Thai
41535549;PRONTO PIZZA;10310.0;Italian
41571795;KUM FUNG KITCHEN;10304.0;Chinese
50059270;RIVIERA MEDITERRANEAN;10305.0;Mediterranean
50033540;EMPIRE EAST PAN ASIAN BISTRO;10314.0;Asian
41075406;THE GAVEL GRILL;10301.0;American
41389364;VALIANO PIZZA;10314.0;Pizza
41673023;1ST BASE CONCESSION STAND;10301.0;American
50076178;EAT ITALIAN;10309.0;Italian
41647941;FRATELLI PIZZERIA;10309.0;Pizza/Italian
41397825;CAFE CON PAN BAKERY II;10302.0;Bakery
50057644;ZABROSURA RESTAURANT;10305.0;Latin (Cuban, Dominican, Puerto Rican, South & Central American)
41673033;LEFT FIELD CONCESSION STAND;10301.0;American
41653536;PIO HOT BAGELS;10309.0;Bagels/Pretzels
50059270;RIVIERA MEDITERRANEAN;10305.0;Mediterranean
41572685;BROOKLYNS FINEST PIZZA & RESTAURANT;10305.0;Pizza/Italian
50035973;CAMPO BELLO;10304.0;Spanish
41574708;PRONTO RESTAURANT;10312.0;Pizza/Italian
50000474;CUE TIME BILLIARDS;10306.0;American
41687110;KIKU JAPANESE CUISINE;10312.0;Japanese
50010594;CRAFT HOUSE INC;10301.0;Barbecue
41686159;BELLA GIORNATA;10301.0;American
41705748;GENKI SUSHI HOUSE;10308.0;Japanese
41679915;LA NUEVA CANASTA;10305.0;Mexican
40786923;BOSTON MARKET;10312.0;American
50062846;LA IGUANA AZUL MEXICAN MARKET;10308.0;Mexican
40423440;BUONO BAKERY;10305.0;Bakery
50004408;DI DI;10302.0;Chinese
50040054;MOLO;10305.0;Pizza
41032639;BETTER GOURMET HEALTH KITCHEN;10314.0;American
50071153;THALI BAR BAAR;10314.0;Indian
50047337;PAULIE'S PIZZERIA;10304.0;Pizza/Italian
50078617;A Little Bit Of This And A Little Bit Of That;10310.0;Ice Cream, Gelato, Yogurt, Ices
41507398;GRIFF'S PLACE;10306.0;American
50059098;VIA NAPOLI;10306.0;Pizza/Italian
50004099;JAC MAO CHINESE CUISINE;10305.0;Chinese
41413320;NUNZIO PIZZERIA'S;10306.0;Pizza/Italian
40803444;MANOR HOUSE RESTAURANT;10314.0;Italian
40720280;THE HISTORIC OLD BERMUDA INN;10309.0;American
40381811;DUFFY'S;10310.0;American
50070596;BAY HOUSE;10304.0;Asian
41343242;EAST PACIFIC;10314.0;Asian
50059098;VIA NAPOLI;10306.0;Pizza/Italian
41633272;PEKING TASTE & THAI;10314.0;Asian
50044877;THE HARD HAT CAFE;10301.0;Soul Food
41412577;GENKI SUSHI;10312.0;Japanese
41182682;SARKU JAPAN;10314.0;Japanese
41146006;STARBUCKS;10314.0;CafÃ©/Coffee/Tea
40883049;DUNKIN' DONUTS;10305.0;Donuts
50071207;VIOLETTE'S CELLAR;10306.0;American
41333361;CUCINA MIA;10314.0;Italian
40510804;WOODROW DINER;10309.0;American
41560032;NO. 1 KITCHEN;10305.0;Chinese
41507398;GRIFF'S PLACE;10306.0;American
41704670;AMICI PIZZERIA;10309.0;Italian
41623317;PRONTO PIZZA;;Pizza/Italian
50004726;Fire Grilled Burgers;10305.0;American
41608985;HEARTLAND BAGELS 11;10309.0;CafÃ©/Coffee/Tea
50010946;FOREST BAGELS;10310.0;American
40993786;DUNKIN' DONUTS;10308.0;Donuts
50017820;MARIO'S;10304.0;American
50071182;1847 INTERNATIONAL;10304.0;Spanish
41273461;WATEREDGE CAFE;10301.0;American
41328141;SEASIDE;10305.0;Turkish
41524226;MIKEY BAGELS;10307.0;American
40609705;BARIOS PIZZA & RESTAURANT;10314.0;Pizza/Italian
50010629;PANINI GRILL;10310.0;Italian
41101925;T.G.I. FRIDAY'S;10314.0;American
50041775;SONIC DRIVE-IN;10307.0;American
41050624;DUNKIN' DONUTS;10303.0;Donuts
50059270;RIVIERA MEDITERRANEAN;10305.0;Mediterranean
41623317;PRONTO PIZZA;;Pizza/Italian
41491173;EVE ULTRA LOUNGE;10309.0;American
50010629;PANINI GRILL;10310.0;Italian
50015315;MY PIZZERIA;10304.0;Pizza/Italian
40423819;ALFONSO'S PASTRY SHOPPE;10314.0;Bakery
40391824;HILLSIDE SWIMMING CLUB;10314.0;American
40423819;ALFONSO'S PASTRY SHOPPE;10314.0;Bakery
50082248;Philly Pretzel Factory;10310.0;Hotdogs/Pretzels
41308249;ORIENTAL PLAZA;10314.0;Chinese
40376290;KING'S ARMS RESTAURANT;10310.0;American
41176514;FRESH TORTILLAS & TACOS;10306.0;Tex-Mex
41005009;DUNKIN' DONUTS;10301.0;Donuts
